,albumID,name
0,165256.0,Mess Of Blues
1,116912.0,"A3C, Vol. 2"
2,116933.0,Fuck Under the Mistletoe
3,142351.0,Worldwide
4,122892.0,.Wav Theory
5,214129.0,Above the City
6,241552.0,"Another Time, Another Place"
7,119734.0,[mausoleum ep]
8,266417.0,At the End of a Perfect Day
9,150170.0,Hello Big Man
10,240965.0,The Bear
11,677979.0,Pure 70s
12,447894.0,The Hustler
13,777930.0,53rd State Of Mind
14,115222.0,Winner Of Your Heart
15,244151.0,The Gathering
16,111626.0,Still Searching
17,46684.0,Tri-Polar
18,202326.0,Beloved Enemy
19,118669.0,Editor Foods℠
20,182074.0,Explores Your Mind
21,169512.0,Swansong
22,243252.0,Slips and Tangles
23,121809.0,Fear and Loathing in Marietta 
24,798475.0,Rebel Heart (Super Deluxe Edition)
25,183579.0,Nocturnal Nomad
26,174340.0,Alive & Awake
27,227410.0,Losing at Life
28,201539.0,Messiah of Confusion
29,265593.0,Psychic Cat
30,191836.0,Trent Willmon
31,847678.0,B-Sides
32,7060.0,Godlike
33,140349.0,Stratagem
34,130303.0,"East of the Sun, West of the Moon"
35,209937.0,C21
36,224676.0,Ores & Minerals
37,878492.0,Walk Amongst the Living
38,119442.0,CASH4GOLD
39,253543.0,My Honky Tonk History
40,214031.0,The Coolest Kidz Bop Christmas Ever
41,39892.0,Atomizer
42,244274.0,Just Before the Bullets Fly
43,800462.0,Ride Out (Deluxe Edition)
44,107319.0,Everything Will Be Alright in the End
45,637211.0,Singing My Songs
46,239816.0,Song for the Underdog
47,150290.0,Reckless
48,64227.0,Can’t Take That Away From Me - Mixtape
49,75576.0,Keasbey Nights
50,38762.0,Open Season
51,255233.0,Love and Affection
52,159726.0,Readymades
53,175871.0,Cut Like Diamonds EP
54,180448.0,Twice Removed from Yesterday
55,113398.0,Babbitt
56,160878.0,Fires at Midnight
57,231763.0,Eternalizer
58,273782.0,Frailty
59,133050.0,Crystal Days 1979-1999 (disc 4) 
60,175589.0,Automagic
61,284091.0,Boom
62,259500.0,Clocktower Park
63,255999.0,Sinner
64,657060.0,Like to Get to Know You
65,197546.0,Kiss My Apocalypse
66,132741.0,The Alesha Show
67,224269.0,Random’s Manifest
68,24133.0,Swoon
69,28622.0,Understanding 
70,212195.0,In the Name of Metal
71,112130.0,A Coloring Storybook and Long Playing Record
72,200214.0,LifeLines
73,186322.0,Fiction In Photographs
74,251225.0,Till I Loved You
75,118162.0,Waiting For The Dawn
76,217823.0,Cream
77,116249.0,Mountain Music
78,168722.0,that dog.
79,89789.0,Painkiller
80,283136.0,The EP Collection
81,326646.0,The Bonniwell Music Machine
82,187902.0,Crash Me
83,4922.0,La Bella Mafia
84,258163.0,Afar
85,205119.0,Latex Cult
86,458504.0,Just Between You and Me
87,113896.0,The Living Daylights
88,133577.0,Hairway to Steven 
89,162477.0,Antenna To The Afterworld
90,180500.0,Doesn’t Play Well With Others
91,215711.0,Incisions of Perverse Debauchery
92,138202.0,The Shakka Crown Affair
93,171344.0,Follow the Flames
94,312090.0,Funk All Y’all
95,26748.0,Breaker
96,192873.0,Boyish Story
97,231176.0,Hailstorm
98,196106.0,Disidencia Inquebrantable
99,126016.0,Solitude/Solitaire
100,,
101,246879.0,It’s All Just Pretend
102,210064.0,Time Will Tell
103,131402.0,Singin’ in the Summer Sun
104,204622.0,Moribund
105,315841.0,Streetlife
106,550138.0,NOW That’s What I Call Music! 17 [UK]
107,111670.0,Dead Throne
108,218872.0,Hag Songs
109,180741.0,Man of Many Moons
110,170157.0,Change
111,230037.0,Room of Lights
112,236994.0,Human Nature
113,155714.0,Bread and Circus
114,257785.0,New Memory
115,125658.0,This Island
116,413785.0,Gnomeo & Juliet (Original Soundtrack)
117,52666.0,Judge Jerrod and the Hung Jury
118,120088.0,Somewhere in Time
119,261785.0,Amazing Love
120,306842.0,Home Cookin’
121,185529.0,...And Darkness Drowned the Land Divine
122,286158.0,Via Gnosis
123,64262.0,The Things We Think We’re Missing
124,166631.0,Overton Trees
125,175929.0,Exchanging Truth for a Lie
126,154866.0,Julius Caesar
127,261043.0,Ending Forever
128,39104.0,The Richest Man in Babylon
129,183631.0,Mutabor
130,45338.0,Everything Must Go
131,117373.0,Scars
132,82964.0,The Ghost of the Mountain
133,173318.0,Back in the D.H.S.S. / The Trumpton Riots E.P.
134,122622.0,Remedy 
135,6179.0,Unpredictable
136,130302.0,Stay On These Roads
137,189975.0,Where Sleeplessness Is Rest from Nightmares
138,659438.0,Rise
139,184172.0,Zombies
140,167178.0,Live Songs & Stories
141,234186.0,"Gracious Tide, Take Me Home"
142,269388.0,Family Bloodbath
143,211913.0,A Hiding Place for Fake Friends
144,72987.0,Mad Mad World
145,910395.0,Sings for Lovers and Losers
146,240614.0,The Bachelors
147,232390.0,The Aviary
148,190300.0,Riposte
149,207789.0,Captured
150,232963.0,Contact! Contact!
151,17678.0,The Lateness of the Hour
152,210175.0,Sparkle in the Finish
153,176860.0,GoesAroundComesAround
154,166932.0,Out to Every Nation
155,211190.0,There Is Only One Roy Orbison
156,150866.0,Rage
157,167214.0,Ears Will Pop & Eyes Will Blink
158,236751.0,Last Goodbye
159,131656.0,Scarecrow
160,226825.0,Abstract Theory
161,726604.0,Framed In Blood - The Very Blessed Of
162,202648.0,Wasted in America
163,124728.0,CR5
164,212761.0,Unnatural Selection
165,197933.0,The Birth
166,210639.0,Fate of a Dreamer
167,89720.0,Wowee Zowee
168,50748.0,Magnum Opus
169,208099.0,Buzzard
170,196169.0,White Sheep
171,145830.0,Invader
172,173560.0,The Bouncing Souls
173,236769.0,Tree Bursts in Snow
174,206693.0,Original Album Classics
175,225560.0,Down the Road
176,163274.0,Hotel Paper
177,121816.0,Snubnose Monkeys
178,30973.0,York
179,118374.0,Blue Smoke
180,239454.0,Flies Will Starve
181,7841.0,Quo
182,166493.0,Gurd
183,115393.0,Lost Dogs + Mixed Blessings
184,119958.0,Big Dark Love
185,257303.0,That’s Me in the Bar
186,207818.0,Good Morning Midnight
187,37819.0,A Love Story
188,201160.0,Mono... or Will It Ever Be the Way It Used to Be
189,202870.0,Doyle Bramhall II
190,186667.0,The Ventriloquist
191,105193.0,90125
192,189513.0,Megatop Phoenix
193,122241.0,Jana Kramer
194,122436.0,You Should Be Here
195,258562.0,Honey on My Grave
196,366939.0,Madagascar: Escape 2 Africa (Music from the Motion Picture)
197,206541.0,God of Infinite Worth
198,250680.0,Changes
199,200899.0,Casey Donahew Band
200,182614.0,Harvest Train
201,281291.0,Boomslang
202,192422.0,Lessons in Love
203,208519.0,Nightmare Before Christmas
204,191106.0,Blues for Greeny
205,164751.0,Anthems of the Damned
206,273571.0,I Trust You to Kill Me
207,210284.0,Sub Mira
208,193482.0,Burl Ives Sings Little White Duck and Other Children’s Favorites
209,122778.0,ROZZ DYLIAMS
210,240523.0,Un Día Perfecto
211,245299.0,"Partners, Brothers and Friends"
212,192002.0,Let’s Stay Together
213,225986.0,Soria Moria Slott
214,225566.0,The Fastest Kid Alive
215,116666.0,Mellow
216,244749.0,In Our Nature
217,180616.0,The Rest of the Dream
218,181284.0,Streets of Heaven
219,126076.0,Destination Anywhere
220,115513.0,Billy Gilman
221,172452.0,To Get Her Together
222,201041.0,Slave to the Machine
223,276408.0,Double Diamond
224,212197.0,Hope
225,270088.0,Twisted by Design
226,180348.0,For(n)ever
227,112906.0,"TMRW, TMRW II"
228,122514.0,Range Anxiety
229,118432.0,Will’s EP
230,190389.0,The Penthouse Tapes
231,14419.0,Enter the Circle
232,311319.0,Lost Voices...
233,238837.0,Everybody’s Day
234,188302.0,Long John Silver
235,261424.0,I Have Another Wank and I Have Another Cry
236,39543.0,Last Days At The Lodge
237,168037.0,Dinamoneyezed
238,292177.0,The Early Learnings of Eugene McGuinness
239,235150.0,Tales of Mystery and Imagination: Edgar Allan Poe
240,208311.0,Beyond Earth
241,139714.0,Varieté
242,241095.0,Dirt Dealership
243,119913.0,Nine Black Poppies 
244,182753.0,Second Album
245,150989.0,Closer to the Sun
246,198393.0,King of Conflict
247,577970.0,En Concert
248,552185.0,This Ain’t Hollywood
249,214795.0,Tender Is the Night
250,167082.0,Sign of Doom
251,210409.0,Highway 377
252,245117.0,Breaking the Silence
253,240686.0,Best Kept Secret
254,114879.0,Greetings From California
255,130378.0,The Woman I Am 
256,284772.0,All Hail
257,122171.0,Quarter Moon in a Ten Cent Town
258,364777.0,Just No Other Way
259,235444.0,Reach for the Sun: B-Sides
260,270634.0,Simply Streisand
261,118701.0,"America, I Believe in You"
262,117799.0,King of Horrorcore
263,165526.0,Different Perpective™
264,122781.0,Sacrifice
265,200692.0,Another Side
266,266933.0,Smoke Machine
267,238359.0,Whispered And Shouted
268,240961.0,Killers and Stars
269,267555.0,Only Inhuman
270,142071.0,Stop Talking
271,283934.0,Compositions - A Decade of Song
272,112870.0,...And Star Power
273,268835.0,Read My Sign
274,200321.0,Teenage Love
275,195935.0,Incoming
276,195790.0,Insh’ Allah: The Music of Lion’s Blood
277,218370.0,The Mamas & the Papas
278,74478.0,Mama Said
279,211611.0,Big Mama’s Door
280,215832.0,How Did You Find Me Here
281,209543.0,Denim and Leather
282,120778.0,Stronger
283,225902.0,Cowboy Poems Free
284,199022.0,Dark Foil
285,205039.0,Flyday
286,295000.0,Earthwords & Music
287,192168.0,Dinner for One
288,6236.0,I Know
289,272532.0,Feverish Dreams
290,304744.0,Johnny Aloha - Lavapalooza
291,29865.0,Chicago
292,207885.0,People Press Play
293,192659.0,Vox Humana
294,265295.0,Hometown
295,116190.0,The Unveiling
296,174563.0,Dedicated to…
297,101702.0,3LW
298,180982.0,Don’t Look Back
299,166956.0,New Clear Child
300,118124.0,The Fury of The Aquabats!
301,265969.0,Dead Words Speak
302,179486.0,QUEENDOM
303,135159.0,Reckless 
304,227424.0,Necrogod
305,11958.0,J.E. Heartbreak
306,155563.0,Welcome the Night
307,348906.0,This Is Jonna Lee
308,201434.0,In Love Again: The Music of Richard Rodgers
309,122811.0,Hello World
310,170592.0,The Chain
311,112603.0,Punk Goes Pop Volume 4
312,203734.0,The One You Need
313,382929.0,Decade
314,189542.0,The Return of... Martha Splatterhead
315,163838.0,Goodbye To The Age Of Steam
316,193823.0,Ingram Hill
317,35080.0,Hotel Cabana
318,105143.0,The Aeroplane Flies High
319,205303.0,Rocksteady
320,833344.0,Where Is Love
321,116626.0,Townes Van Zandt 
322,186023.0,A Gypsy’s Home: Songs of the Roving Life
323,231637.0,Torturous Inception
324,647951.0, Slim Whitman Sings 
325,257985.0,Of Magic Illusions
326,120866.0,3RDEYE The EP
327,191159.0,Empire Theory
328,133048.0,Crystal Days 1979-1999 (disc 2) 
329,249784.0,Feather & Stone
330,249866.0,Nowhere Girl
331,26615.0,The Understanding
332,164602.0,Just Being Myself
333,129934.0,Frank Zappa Meets the Mothers of Prevention
334,143147.0,The Evolution of Chaos
335,170233.0,The Heat
336,249447.0,Songs in Red and Gray
337,116053.0,Level 1
338,254590.0,…Then…
339,11073.0,The Guest
340,324788.0,The Way We Were
341,253169.0,Little Eve
342,218633.0,Rumble
343,124946.0,80 Bars EP
344,310820.0,Concrete Waves
345,191531.0,Here’s to the People
346,238277.0,Static
347,112907.0,Selected Letters
348,162367.0,Get RID!
349,119783.0,Between
350,96036.0,The Mickstape
351,169044.0,A Case for the Blues
352,198953.0,Problematic
353,231439.0,Viaggio in Italia
354,274330.0,Songs of the West
355,248487.0,Artificial Flavors
356,528591.0,One Life One Soul - Best Of Ballads
357,19938.0,Flamers 2
358,245153.0,Novella of Uriel
359,220406.0,Britney 2.0
360,964328.0,"Old Boots, New Dirt (Target Edition)"
361,201729.0,Boundzound
362,91487.0,Staind
363,255934.0,"With Love, Bobby: The Scrapbook Album"
364,205622.0,Gestalt
365,170779.0,Sell Your Soul
366,250828.0,Pestilence
367,164355.0,marillion.com
368,89044.0,My Brother’s Keeper
369,184027.0,50 by Bobby Short
370,242674.0,Boundary County
371,212258.0,En Oria
372,112574.0,The Terror State
373,345.0,Ballin’ Outta Control
374,34452.0,Key to a Thousand Doors
375,285899.0,Remembering Ancient Origins
376,207404.0,Painters Hands and a Seventh Son
377,854277.0,The Quality of Mercy
378,177120.0,No News Is Good News
379,111308.0,Batgang: 4B’s
380,176680.0,Phoenix
381,119580.0,Bat Out of Hell II: Back into Hell
382,186641.0,Beyond What I See
383,79068.0,Love Story
384,13754.0,Raydiation
385,270234.0,Emergency
386,25795.0,Eye Legacy
387,28960.0,Party Never Ends
388,119847.0,Soul Punk
389,170846.0,Airwaves (bonus track version)
390,165286.0,Classics
391,262432.0,Everything’s OK
392,111628.0,Mixtape Monthly Vol 10: Rapping Doesn’t Pay The Rent
393,186990.0,Slander
394,241323.0,Night on Bröcken
395,183248.0,This Is Our Revenge
396,45220.0,Forever Young
397,179565.0,"Bellum, Sacrum Bellum!?"
398,171065.0,Game Day
399,204450.0,"Will, Love, Life"
400,163574.0,Real
401,35469.0,Last Night On Earth
402,257219.0,If but for One
403,123107.0,Tigerlily 
404,169880.0,Old Liquidator
405,116125.0,Friday Flips: Season 1
406,198996.0,Folk ’n Roll
407,124369.0,Stomp 442
408,6539.0,Level II
409,196094.0,Walk Through Fire
410,110862.0,The Grapes Of Wrath
411,260321.0,Beth Nielsen Chapman
412,263324.0,Heavy Soul
413,439421.0,Cuzwecan (2002)
414,6187.0,More...
415,208191.0,Apocalyptic
416,223678.0,Mint 400
417,254100.0,Carnival of Lost Souls
418,114789.0,Writes by E.K. Bush
419,246143.0,I Love Jazz!
420,166920.0,Schizo Deluxe
421,116471.0,Blame It On the Streets
422,270869.0,Angel City Outcasts
423,133332.0,Rompilation
424,240985.0,Day by Day
425,185784.0,South America
426,175668.0,Slaughter & Apparatus: A Methodical Overture
427,198336.0,The Complex Bewitchment
428,264871.0,Buddy & Julie Miller
429,120804.0,No Average Angel
430,430166.0,Mirages
431,206781.0,Bel Air
432,169735.0,Razmataz
433,196130.0,Dahmer
434,125049.0,Whaler
435,120029.0,Crown EP
436,123399.0,Strangeland
437,198140.0,Patriotic Battle Hymns
438,179090.0,When the Bough Breaks
439,244786.0,The Idol of Perversity
440,252845.0,Motor Ace EP
441,63341.0,Porcelain
442,198816.0,Archetype
443,166397.0,Beyond
444,171116.0,Broadcast
445,116789.0,The Beat Becomes a Sound
446,271266.0,Al Green Gets Next to You
447,162648.0,The New Black
448,108316.0,Introduction to Shakespeare
449,259748.0,Octopus
450,15062.0,Your Favorite Weapon
451,163573.0,Live Your Life Be Free
452,279533.0,Outsiders
453,218574.0,Ok nefna tysvar Tý
454,264925.0,Don’t Pass Go
455,159589.0,The Ape of Naples
456,109291.0,Stranger in Town
457,123442.0,Eponymous Debut
458,76009.0,What If It’s You
459,189358.0,Romantic Serenades
460,174754.0,Lament for the Weary
461,198216.0,Stylin’ Up
462,269686.0,Limp Wrist
463,101340.0,The Parallax II: Future Sequence
464,192226.0,Christmas In Our Hearts
465,225661.0,La Cerise
466,237770.0,Against the Law
467,179244.0,Lucky Charm
468,200610.0,Built Like That
469,248558.0,Bed of Gold
470,580782.0,Half-Cocked The Motion Picture Soundtrack
471,237730.0,Rescue
472,194314.0,New Recording
473,202439.0,EarthMotherEarth
474,268581.0,Wide Wide World
475,167395.0,Demis (2009)
476,202368.0,Swine Flew
477,326498.0,Unreleased Demo #2
478,31623.0,Beelzebubba
479,215749.0,The Polyester Embassy
480,262890.0,The Ideal Crash
481,217090.0,Seals & Crofts
482,122760.0,NO NOW
483,193936.0,Eight Arms Made This
484,141173.0,Demigod 
485,197211.0,Squeezing Out Sparks
486,431755.0,Country Club
487,178417.0,A Time & Place
488,242119.0,Unique
489,117675.0,Stones in the Road
490,255857.0,Electric Blue
491,562878.0,Heart Over Mind and Other Big Country Hits
492,162184.0,Colorblind
493,123383.0,It’s the Girls
494,212080.0,Farewell to Paradise
495,246664.0,Dead Rhythm Machine
496,33492.0,Forever Endeavour 
497,167007.0,Beyond the Neighbourhood
498,111484.0,Jet Black & Jealous
499,223727.0,Tony Sings for Two
500,231354.0,Funerals from the Astral Sphere
501,543966.0,"Candy Cigarettes, Capguns, Issue Problems! and Such"
502,81535.0,Careless
503,244371.0,Storm
504,214163.0,The Warriors EP
505,118835.0,War Eternal
506,577890.0,Crystals (Deluxe Edition)
507,36845.0,Love.Fear.Pianos.
508,174587.0,Declaration
509,254126.0,Tezcatlipoca
510,167642.0,My Minds Eye
511,234628.0,Ghost Notes
512,387338.0,Red Version
513,180953.0,Once Over Lightly
514,123067.0,The Scarecrow
515,123165.0,Wrecking Ball
516,197244.0,Road to Ruin
517,216858.0,Revolution Per Minute
518,240443.0,Memories of a Dream
519,129819.0,American Gothic
520,233546.0,I Love the Life I Live
521,117723.0,The Calling
522,748228.0,Are You Sincere
523,98902.0,Fast Times at Barrington High
524,237172.0,Credo
525,171981.0,Wish
526,239177.0,Metal Dictator / Soldier From Hell
527,211129.0,Guilty ’til Proved Innocent!
528,111055.0,Specimen Days
529,105867.0,This Is All Yours
530,216664.0,Everybody Doesn’t
531,189648.0,Helvete
532,86322.0,Poetry Genius Originals 
533,199322.0,Memoria Vetusta I: Fathers of the Icy Age
534,161813.0,Humor Risk
535,202138.0,The Jayhawks
536,186542.0,Higher Power
537,117219.0,Glory to the Brave 
538,206821.0,Between the Senses
539,224455.0,Grim Skunk Plays... Fatal Illness If We Had Brains We’d Eat Them!
540,168044.0,Matilde Matilde
541,172283.0,Polaris
542,237966.0,Final Conversation of Kings
543,142359.0,One Way: The Songs of Larry Norman 
544,197451.0,Olias of Sunhillow
545,211079.0,Rose Clouds of Holocaust
546,187949.0,Moment of Truth
547,194218.0,The Man I Want to Be
548,265206.0,Zero She Flies
549,248988.0,All the Right Moves
550,213161.0,Revelations of the Unsung
551,116069.0,Lies I Told Myself
552,235415.0,Make It Through This World
553,253310.0,Let the Woman
554,62272.0,Them or Us
555,113503.0,PRhyme
556,328817.0,Free Agent 2
557,171679.0,Torino
558,190531.0,A Society of People Named Elihu
559,29765.0,Ogdens’ Nut Gone Flake
560,226231.0,Shameless
561,224296.0,Comal Country Blue
562,302083.0,Private Brubeck Remembers
563,123903.0,Right Now 
564,227553.0,Sour Juice & Rhyme
565,112316.0,Beauty and the Beast [EP]
566,185946.0,Seven Is the Number
567,196718.0,All Ends
568,111801.0,Pelagial
569,228139.0,Arise!
570,120417.0,Ten Feet Tall and Bulletproof
571,6328.0,Liberation
572,212498.0,Interventions + Lullabies
573,263345.0,Fight for Justice
574,144319.0,Slayed?
575,117259.0,Sir Thomas More
576,204476.0,Did You Know People Can Fly?
577,206760.0,J Roddy Walston and the Business
578,196815.0,"Blood, Brains & Rock’n’Roll"
579,114172.0,So Blu
580,241289.0,Love Is
581,257831.0,Northern Lights
582,282431.0,Blue in the Face
583,187407.0,X
584,278917.0,Slates [EP]
585,282562.0,Dominate
586,123088.0,Young Love EP [Gold Edition] 
587,196546.0,"Hold, Hold, Fire"
588,215792.0,Stars Aligned
589,121511.0,The Tyranny of Distance 
590,224835.0,Leave No Ashes
591,274723.0,Applause of the Rain
592,348834.0,Citizens
593,112964.0,NT Solomon - Period 4
594,190875.0,Envenomed
595,249525.0,Fractal Possession
596,37693.0,Sirens and Condolences
597,178525.0,"I Bought a Heart Made of Art in the Deep, Deep South"
598,175112.0,Silence
599,1399.0,Split Personality
600,29910.0,Build a Rocket Boys!
601,118648.0,Juggernaut: Omega
602,199208.0,Deseo
603,438755.0,Conker’s Bad Kyah Day Soundtrack
604,108794.0,Wonder Where We Land
605,182729.0,The Road to Freedom
606,220069.0,Two Hearts
607,111361.0,Season 5
608,556391.0,Redbird
609,189460.0,Heavenly Bodies
610,187923.0,Veil of Remembrance
611,119167.0,Shoulder Season
612,202941.0,Adventures in Neverland
613,234563.0,Just Me
614,111608.0,Welcome To The Jungle
615,244219.0,Lifesblood for the Downtrodden
616,184940.0,Somewhere
617,270019.0,Civilian
618,119739.0,America’s Sweetheart 
619,112530.0,East of Eden
620,168832.0,Venomous
621,246140.0,Soft Dogs
622,313766.0,Inception/Nostalgia
623,190154.0,Undress for Success
624,208674.0,Dillinger & Young Gotti II: Tha Saga Continuez
625,210970.0,Love Kraft
626,116771.0,The Tarnished Gold
627,201228.0,Barely Real
628,207554.0,Readiness to Sacrifice
629,144033.0,13 Ways to Bleed on Stage
630,161753.0,All Alone In An Empty House
631,119845.0,Their Bodies In A Fog
632,174284.0,westview
633,131330.0,Overpowered
634,252714.0,Joy for Christmas Day
635,117710.0,The Red Balloon Project
636,214466.0,Seeds
637,639824.0,A Cowboy Afraid of Horses
638,490471.0,Something’s Going On
639,87817.0,The Long Road Back
640,247357.0,Afternoons in Utopia
641,263699.0,No Limits
642,121759.0,"The Supremes Sing Country, Western and Pop"
643,214885.0,70's Rock Must Die
644,302002.0,Coming Home
645,458507.0,"Always, Always"
646,253081.0,What About Us?
647,12723.0,Late Nights & Early Mornings
648,267986.0,Johnny Hollow
649,117718.0,Chicago X (Expanded)
650,188244.0,Fulton Hill
651,6496.0,Never Say Never
652,273869.0,The Nine EP
653,178380.0,Out of the Ocean
654,167130.0,Music for All Occasions
655,187994.0,Live It Up
656,273683.0,This Vicious Cycle
657,263772.0,Confidence and Consequence
658,155442.0,Mask
659,258977.0,Velveteen
660,180008.0,AB III
661,251112.0,Raindance
662,201369.0,SMASH
663,749749.0,Frank Black and the Catholics: The Complete Recordings
664,178023.0,River Runs Red
665,129738.0,Stigmata
666,335669.0,Pure Country 2: The Gift
667,247790.0,Chaos Born
668,159897.0,The Story of the Ghost
669,167116.0,Welcome to Daylight
670,193111.0,In Loneliness of Two Souls
671,114687.0,1000hp
672,226763.0,Fiona
673,219022.0,Mercy
674,113775.0,Pardon My French
675,259814.0,Thoughts of a Secluded Mind
676,320968.0,Mulan II: Original Soundtrack
677,197424.0,Suzi... and Other Four Letter Words
678,177948.0,Broken Hearts and Lessons Learned
679,319982.0,Pump Up The Lump
680,118272.0,Out of the Ashes
681,111989.0,2014/15 Season Goalscorers
682,150622.0,The Ghost of Fashion
683,185105.0,The Brink
684,243303.0,Tough Love
685,121084.0,Welcome to Los Santos
686,16773.0,Barton Hollow
687,195273.0,Unpersons
688,241929.0,Danzig 4ᴾ
689,305478.0,Don’t Over Think
690,190872.0,All Summer Long
691,321302.0,Scribble
692,118049.0,Hold My Home
693,883242.0,Radio Hits
694,218412.0,Medusa’s Coil
695,122303.0,Feline
696,614537.0,"The Complete Myspace Collection, Vol. 3"
697,131367.0,Mutt
698,287847.0,Att: Shock Records Faulty Pressing Do Not Manufacture
699,344674.0,Worship
700,187508.0,Screamin’ ’n’ Bleedin’
701,326737.0,White Knuckle Scorin’
702,225315.0,In Your Blood
703,168521.0,Stray
704,232556.0,The Bull the Balloon and the Family
705,239942.0,I Liked It Better When You Had No Heart
706,255532.0,Requiem for Us All
707,117520.0,"Love Always, Leviathan "
708,116897.0,Humanity Is The Devil
709,114983.0,Rose Falcon
710,121631.0,Searching for a Pulse/The Worth of the World
711,219906.0,Reckoning Night
712,117324.0,Mondo Burger
713,174559.0,Seamonsters
714,157169.0,Teargarden by Kaleidyscope Vol. 2: The Solstice Bare [EP]
715,118477.0,2015 All-Star Weekend
716,213177.0,From Behind the Shadows
717,122208.0,Light Of The Stable
718,251410.0,III
719,195992.0,Marty Balin Greatest Hits
720,211401.0,Sweet Baby Metal Slut
721,186042.0,Ladies and Gentlemen
722,230248.0,Thor
723,167938.0,Alex Baroni
724,161260.0,Love Never Dies (Concept Album Cast)
725,129634.0,The Lost Episodes
726,253385.0,With a Song in My Heart
727,274168.0,Blind Before I Stop
728,216071.0,Green To Blue
729,176178.0,Bodyrockers
730,227728.0,We Three Kings: Christmas Favorites
731,262812.0,Toltec
732,213349.0,Come from the Shadows
733,168554.0,Big City Secrets
734,121750.0,Prince With A Thousand Enemies
735,209884.0,Men of Honor
736,224359.0,Hangin’ Nothin’ but Our Hands Down
737,321263.0,"Humanary Stew, a Tribute to Alice Cooper"
738,81227.0,Contraband [Explicit]
739,45892.0,Porno For Pyros
740,104578.0,Body Faucet
741,114175.0,Above the Tide
742,666681.0,Standards
743,269719.0,Point of Go
744,166236.0,This Little Empire
745,154762.0,Love Drunk
746,131441.0,The Unimaginable Life
747,159617.0,Moving Violation
748,191550.0,Mr. Buechner’s Dream
749,77655.0,Life in a Beautiful Light
750,120702.0,The River & The Thread 
751,273197.0,Ghost Stories
752,297682.0,The Anti‐Scene EP
753,883082.0,Jan & Dean’s Golden Hits
754,199536.0,Give Us a Wink
755,182629.0,100 demons
756,180119.0,"Growing, Pains"
757,150355.0,All I Got
758,231494.0,Ring
759,175471.0,Wild Blessed Freedom
760,260637.0,Catch
761,225933.0,Skeptic Goodbye
762,245403.0,Bronze Age
763,3569.0,Please Hammer Don’t Hurt ’Em
764,195209.0,Kamakiriad
765,433594.0,The Road
766,268144.0,Sunnevot
767,156718.0,Junction Seven
768,204860.0,The Blind Hole
769,218714.0,Last Man Standing
770,215348.0,Soul Mover
771,114251.0,Unleashed & Unreleased
772,256673.0,Transnormal Skiperoo
773,226155.0,Tigerbomb [EP]
774,190803.0,State of the Ark
775,172393.0,Bait the Traps
776,205796.0,Memory Loves You
777,177241.0,Asleep in America
778,253495.0,Young B!tch
779,238468.0,Adam Arcuragi
780,202667.0,Alabama Song
781,205563.0,Far
782,421747.0,Downside Up
783,160133.0,"Burritos, Inspiration Point, Fork Balloon Sports, Cards in the Spokes, Automatic Biographies, Kites, Kung Fu, Trophies, Banana Peels We’ve Slipped On and Egg Shells We’ve Tippy Toed Over"
784,18946.0,Powerlight
785,198244.0,Stoney End
786,263613.0,BBDLP1
787,192859.0,"All The Hits So Far But Don’t Expect Too Much: Poetry, Prose, and Other Sundry Items"
788,181266.0,2000 Years of Human Error
789,110845.0,JHUD
790,200623.0,Spirit Touches Ground
791,171902.0,Solid
792,145063.0,Lucky Man
793,37869.0,Batman Forever (Music From the Motion Picture) 
794,176972.0,Balance
795,118811.0,Bazaar
796,246758.0,Hold On
797,240223.0,Ramblin’ Gamblin’ Man
798,270038.0,A Backward Glance on a Travel Road
799,146085.0,Ladyhawke
800,297163.0,White Lies for Dark Times
801,117946.0,Slang
802,204904.0,International Anthems for the Human Race
803,210655.0,A Voice to Hold in the Dark
804,312359.0,I Gotta Right to Swing
805,279417.0,A Wilder EP
806,245329.0,Sole and the Skyrider Band
807,968841.0,Engelbert Humperdinck: 16 Most Requested Songs
808,123069.0,While the Gettin’ Is Good
809,522927.0,Mega Movie Mix
810,193694.0,Hope
811,271483.0,Call to Arms
812,119686.0,I Stand Alone
813,250932.0,The Gipsy Hill
814,272973.0,Painting The Invisible
815,187737.0,Welcome to the Dance
816,119013.0,Chillafornia EP
817,193462.0,Sailing the Seas of Fate
818,248215.0,WHB
819,712065.0,Animaniacs
820,104650.0,Tear Down These Walls
821,234155.0,Severed Survival
822,218260.0,Chris Young
823,172637.0,Songs of Innocence and of Experience
824,111271.0,En Vogue
825,210153.0,Causing a Scene
826,199853.0,The Things We Left Behind
827,224181.0,Beyond the City
828,117602.0,20 Lights
829,188870.0,The Holiness of Now
830,279944.0,a.O.a.
831,119975.0,Pure Instinct
832,115111.0,Taxi Driver
833,166452.0,The Headless Ritual
834,165183.0,Songs in the Key of X: Music from and Inspired by The X-Files
835,933.0,The Black Rob Report
836,326871.0,The Art of Extravagance
837,516956.0,Parts 1-3
838,205525.0,Eerie
839,229428.0,Lea
840,110644.0,Crimes
841,238205.0,Down in the Cellar
842,118810.0,Five Live Yardbirds 
843,215153.0,The Inalienable Dreamless
844,242369.0,When We Were Safe
845,216157.0,Red Revolution
846,232537.0,Turn to Me
847,239588.0,Levitate
848,208879.0,The Standard
849,161902.0,Arabia Mountain
850,215883.0,Hopeless Cases
851,273791.0,Back From the Heat
852,107739.0,Free Crack II
853,295623.0,Between the Lines
854,114324.0,The Right Paige
855,109517.0,The Boi EP
856,183018.0,What Will the Neighbours Say?
857,189530.0,World Under World
858,293809.0,Cream Ibiza
859,204344.0,Past the Point of Rescue
860,202468.0,Rush
861,234456.0,The Fallen Empire
862,210440.0,Both Sides of the Story
863,49193.0,A Picture of Nectar
864,222722.0,Planetary Duality
865,317245.0,Shiny Beast (Bat Chain Puller)
866,272913.0,Like Father Like Son
867,327937.0,Corrupt Minds
868,185375.0,Someone to Tell
869,215546.0,The Best In Town
870,117726.0,The Age of Miracles
871,174623.0,Revenge
872,179917.0,Machine II Machine
873,273542.0,Enjoy It While It Lasts
874,186038.0,II
875,18192.0,Feels
876,122077.0,Nightlife
877,123052.0,Eulogy EP
878,117466.0,The Golden Ticket
879,253449.0,The Exies
880,300908.0,Ride the Tiger
881,122296.0,...for We Are Many
882,118831.0,Hurley
883,188205.0,Fan the Flame (Part 1)
884,260294.0,The Pony Way
885,210015.0,The Last Man to Fly
886,171412.0,Dead Ends and Girlfriends
887,214869.0,Offline
888,179639.0,Lovely
889,342743.0,Come a Little Bit Closer
890,142631.0,"My Son, the Folk Singer"
891,318165.0,Out The Box
892,126511.0,The Tension and the Spark
893,196444.0,One Bright Day
894,126368.0,Ulysees
895,202488.0,Ransomed
896,221116.0,Glee: The Music - The Complete Season Three
897,373975.0,"Planes, Trains and Automobiles (The Original Motion Picture Soundtrack)"
898,250460.0,Answering Machine & More Twisted Interludes
899,256543.0,Rust Colored Stones
900,298194.0,Tearwave
901,277670.0,Tribe After Tribe
902,138055.0,"Live Fast, Diarrhea"
903,133426.0,Liability
904,200579.0,"Oh, the Places We’ll Go"
905,180468.0,Don’t Die With Your Eyes Closed
906,213438.0,Rebel-Revive
907,121928.0,Conqueror 
908,117227.0,All We Grow
909,49404.0,Year of the Cat
910,274783.0,Black Toy
911,17428.0,Brothers and Sisters
912,64992.0,Sam Sparro
913,215739.0,East Side of Nowhere
914,294949.0,Liquid Dimensions Change
915,190292.0,Sword & Sorcery
916,202427.0,Outside Closer
917,107066.0,Thinking It Over
918,206140.0,I’m Only a Man
919,4381.0,Eye & I
920,200298.0,The Burial Tree (II)
921,107704.0,Certain Stuff
922,93882.0,Best In The World: A Tribute To The Notorious B.I.G.
923,119519.0,Ramblin’ Jack Elliott
924,235843.0,The Corner
925,172765.0,The Art of Being a Girl
926,32816.0,Scarecrow Tha Terrible
927,193658.0,Nocturne
928,277873.0,Scavenger
929,231117.0,Between Dogs and Wolves
930,241421.0,It’s Not Rocket Science.
931,118513.0,Sports Genius: Face of Sports
932,112904.0,NT Solomon - The Gospel of Mark
933,249819.0,Engelberg
934,281406.0,Hexagon
935,188641.0,Kill Your Darlings
936,245740.0,Wake
937,178297.0,The Road to Escondido
938,56985.0,Beyond Hell / Above Heaven
939,66011.0,In With the Old
940,121544.0,Join Us
941,178844.0,Peaceful Journey
942,171462.0,Ella Fitzgerald Sings the George and Ira Gershwin Songbook
943,225897.0,From the Wrong Side of the Aperture
944,207873.0,The Wait of Glory
945,11988.0,Goodbye Yellow Brick Road
946,854827.0,Goin’ Coconuts
947,175797.0,Scream
948,273726.0,Heaven in the Real World
949,208853.0,Character Assassination
950,39088.0,Youth
951,182736.0,Walk into Light
952,171658.0,Handmade Demo
953,253493.0,Bring It On
954,242365.0,Truth in the Age of Lies
955,204409.0,Ripe
956,202658.0,Réalistes
957,556897.0,Thomas And The Magic Railroad (Original Motion Picture Soundtrack) 
958,268245.0,Building a Hole
959,272145.0,Adversus
960,199927.0,4-Wheel Vibe
961,237447.0,Don’t Mess With the Dragon
962,204683.0,A Present for Everyone
963,282547.0,Now Phats What I Small Music
964,195063.0,Extra-Ordinary
965,259827.0,Dimness’ Profound
966,150634.0,something they don’t know b​/​w mouth
967,155560.0,End Is Forever
968,209231.0,Hardcore
969,167485.0,Ecstasy
970,213313.0,Retribution for the Dead
971,113457.0,Welcome Home Armageddon
972,210905.0,Love Comes Down
973,248989.0,OC Confidential
974,161298.0,Greatest Hits
975,199359.0,Attics to Eden
976,212684.0,Disco Defenders
977,241302.0,Merlin’s Descendants
978,194294.0,The Bridge Washed Out
979,252231.0,Increasing the Hate
980,287874.0,The Greatest Christmas Novelty CD of All Time
981,278358.0,Worship the Animal “1994 the Lost Recordings”
982,268259.0,MSG
983,118760.0,What Was I Thinking
984,263511.0,"Triple Treat, Volume 1"
985,114555.0,I’m Around
986,245900.0,Skidip!
987,241102.0,Jacobs Dream
988,284044.0,Snapshot
989,260932.0,Plays and Sings the Blues
990,164099.0,Far From Over
991,46676.0,Magic Christian Music
992,169808.0,My Personal Sky
993,20432.0,Make the Clocks Move
994,54974.0,The Left Rights
995,274801.0,Work It Out 
996,201575.0,Written in Red
997,121619.0,TV Dinners
998,114585.0,Carry On Tradition
999,186514.0,Escape
1000,115798.0,Dawn The Rabbit Hole
1001,166400.0,Dog & Butterfly
1002,271190.0,Future Unknown
1003,909342.0,Internet Traphouse 2
1004,265554.0,That’s What I’m Talking About
1005,281631.0,Laughing in the Face of Failure
1006,152899.0,Hold Time
1007,271995.0,Tell It to the Children
1008,90384.0,"Love, Hope & War"
1009,866810.0,Reflection (Deluxe)
1010,203555.0,Oppenheimer
1011,249390.0,All the Things I’ve Grown to Miss
1012,258053.0,Forget Me Not
1013,332088.0,Freudian Slip
1014,369404.0,Nancy Drew (Music from the Motion Picture)
1015,108545.0,Collection II 
1016,527604.0,The Time Is Now
1017,257404.0,Darkest Day of Horror
1018,202929.0,Withdrawal Method
1019,283775.0,Harnessed in Slums
1020,261452.0,Pathways
1021,180722.0,Trouble in Paradise
1022,171643.0,Not Your Ordinary Girl
1023,7569.0,The Sweet James Jones Stories
1024,69827.0,Pullhair Rubeye
1025,237777.0,Return to Evermore
1026,199888.0,40 Days
1027,103157.0,Mystery Skulls - EP
1028,266594.0,Antichrist
1029,111645.0,Mixtape “ Nunca Perca o Seu Tempo Com Pessoas Que Não Querem Perder o Seu Tempo Contigo”
1030,120221.0,Blind Rage 
1031,215175.0,Movie Star
1032,210340.0,Amanda Wilkinson
1033,202466.0,Human Error: Ways to Selfdestruction
1034,198618.0,Emotional Roller Coaster
1035,209898.0,Lasted
1036,115118.0,The Unreleased Recordings
1037,315779.0,Worlds and Worlds
1038,177950.0,A Bigger Piece of Sky
1039,78856.0,R&B Divas
1040,621286.0,1989 (Deluxe)
1041,253209.0,Stranger
1042,226649.0,Big Band
1043,238230.0,Yesterday’s Gone
1044,191430.0,Kinetik
1045,215367.0,The Belle Brigade
1046,157043.0,It’s Never Enough
1047,207205.0,Complete Me
1048,148671.0,Joseph and the Amazing Technicolor Dreamcoat (1982 Original Broadway Cast)
1049,120954.0,Soft Rock
1050,113153.0,AGE 101: DROP 2
1051,168716.0,Coincidence and Likely Stories
1052,566224.0,Do You Know Where You’re Coming From? (Single)
1053,120456.0,Gangsta Stripper Music 2
1054,246941.0,The Place of Worship
1055,209840.0,Engage
1056,721668.0,Adult Contemporary Easy Listening
1057,123342.0,Season 4 
1058,194959.0,Why That Doesn’t Surprise Me
1059,190485.0,Lullabies for the Dormant Mind
1060,247859.0,Darken In Quir Haresete
1061,241190.0,Azari & III
1062,150795.0,Frank Black and the Catholics
1063,237383.0,On The Heart
1064,117694.0,Preacher’s Son
1065,308716.0,The Dylans
1066,207222.0,Godmachine
1067,200132.0,… Meanwhile
1068,254867.0,Songs of Audible Trucks and Cars
1069,206246.0,Mission No. X
1070,171667.0,The Silent Majority
1071,161637.0,Gettin’ Ready
1072,224997.0,A Christmas to Remember
1073,133677.0,Kish Kash
1074,122128.0,Music Inspired by The Story
1075,278370.0,The Saint Alvia Cartel
1076,171593.0,We Wish You a Merry Christmas
1077,193016.0,Lions & Lambs
1078,2811.0,Lost
1079,203041.0,The Disco and the What Not
1080,265943.0,Looking East
1081,172459.0,By My Side
1082,190231.0,Blown in the U.S.A.
1083,281743.0,Salvation
1084,283469.0,The New England Sessions
1085,118393.0,Reading Shakespeare: King Lear
1086,114894.0,XI
1087,211562.0,Back in the Circus
1088,112643.0,Underdogs
1089,114439.0,New Kids on the Block
1090,582696.0,Greatest Hits Vol. II
1091,90032.0,Faceless 
1092,164404.0,The Rapture
1093,268677.0,Golden Dawn
1094,213494.0,All About Eve
1095,192819.0,Passage to the Other Side
1096,193206.0,Captain Chaos
1097,104120.0,It’s Okay to Be Nameless
1098,9584.0,A Gangster and a Gentleman
1099,258818.0,King of Hearts
1100,153648.0,Before the Storm
1101,184720.0,Invisible Places
1102,131353.0,Algiers 
1103,220417.0,"Glee: The Music, Volume 4"
1104,208108.0,Children
1105,360533.0,#HELLVERSION
1106,238042.0,Contact High
1107,114525.0,Please & Thank You
1108,241634.0,When I Look in Your Eyes
1109,311928.0,Matthew
1110,369126.0,Elektra: The Album
1111,173223.0,Good Luck
1112,114116.0,Just Me And My Guitar
1113,79173.0,Death of the King
1114,553068.0,Desire
1115,129048.0,The First Ten Years
1116,112571.0,Genius Casebook: Contracts
1117,275817.0,Blue Lights on the Runway
1118,536371.0,The Gateless Gate
1119,246875.0,Carnival
1120,177126.0,Fresh
1121,41742.0,DMD KIU LIDT
1122,112046.0,The Album About Nothing
1123,172917.0,Love Is a Sacrifice
1124,122559.0,Runaway Horses
1125,632490.0,Strummin’ with the Devil: The Southern Side of Van Halen
1126,184738.0,Strange Romance
1127,934698.0,Rags 2 Riches
1128,195925.0,If I Had a Hammer: Songs of Hope & Struggle
1129,151695.0,Spirit: Stallion of the Cimarron  (Music from the Original Motion Picture)
1130,203504.0,Tasseomancy
1131,350955.0,Vixen
1132,299395.0,Re-Animations
1133,217463.0,End Transmission
1134,111213.0,People Keep Talking
1135,234500.0,The Vegas Years
1136,160238.0,Goldfinger
1137,118794.0,LETS GET FREE ALBUM Dead Prez
1138,179170.0,Left Alone
1139,207336.0,A Day of Nights
1140,155618.0,Message for Albert
1141,130327.0,Give It Up
1142,209542.0,Explosions in Ward 6
1143,118004.0,What a Pleasure
1144,117789.0,Varnell Spring 15
1145,272693.0,Arabesque
1146,253321.0,The Plague of a Coming Age
1147,147275.0,Everybody Loves a Happy Ending
1148,113990.0,A Rose By Any Other Name
1149,220123.0,Silent Waters
1150,22708.0,Love from a Distance
1151,88241.0,Chemically Imbalanced
1152,142599.0,Purgatory/Paradise
1153,265953.0,Wishing For This - EP
1154,61972.0,Fairweather Johnson
1155,213785.0,Jasmine Trias
1156,122390.0,Abacab
1157,204627.0,Blue Horse
1158,132102.0,Rap Genius Trends
1159,116659.0,Progression V: Young Texas Playa
1160,190845.0,Oxidizer
1161,26946.0,Chapter II
1162,255334.0,The Breathtaking Blue
1163,196759.0,Allegro Barbaro
1164,161070.0,Don’t Wake Me Up
1165,118944.0,"Sex, Age & Death "
1166,239808.0,The Weaving Fates
1167,240600.0,Snapshots
1168,246341.0,Avatar
1169,207658.0,No Direction
1170,177257.0,Cricklewood Broadway
1171,174681.0,Tales of Mystery and Imagination
1172,148077.0,The Reckoning
1173,180852.0,Saturn Light
1174,266278.0,Dance Your Life Away
1175,28572.0,...And Out Come the Wolves
1176,103409.0,Behind the Light (Deluxe Edition/Target Exclusive)
1177,171869.0,Cold Comfort
1178,162497.0,Now You See Inside
1179,6262.0,Hurt No More
1180,212512.0,Don’t Ask
1181,176364.0,It’s Only Rock ‘n’ Roll
1182,233471.0,Shine
1183,227720.0,Call to War
1184,240815.0,French Bazaar
1185,150234.0,Spoiled Girl
1186,239309.0,Christmas Memories
1187,167890.0,Nothing Personal
1188,169392.0,Lead Me On
1189,186004.0,"Masters of Chant, Chapter III"
1190,230743.0,30
1191,173146.0,Transatlantic R.P.M.
1192,32718.0,Self Control
1193,273518.0,Apples
1194,118012.0,Sirens - EP
1195,206344.0,Man Alive
1196,153900.0,Curtains
1197,472960.0,Lest We Forget the Best of BOTDF
1198,224881.0,Serpenthrone
1199,173279.0,The Wonderful World of Make Believe
1200,247672.0,Volume 1.666
1201,208813.0,Show Us Your Tits
1202,218045.0,Love Like This
1203,559861.0,RawHyde
1204,226603.0,Gift Horse
1205,297690.0,The First Emotion
1206,307675.0,Execution Style
1207,1139.0,Glee
1208,466131.0,Brother’s Keeper
1209,254013.0,Grand Materia
1210,126008.0,Everlasting Love
1211,177289.0,Will the Circle Be Unbroken
1212,255710.0,Shadow Man
1213,208478.0,Am Universum
1214,235671.0,Short and Explosive
1215,280928.0,Back to You
1216,944637.0,Re: Generations (Bonus Track Version)
1217,277975.0,Imperiet
1218,276809.0,Show Up
1219,256257.0,Essential Tremors
1220,197200.0,ICON
1221,345987.0,Pheromones
1222,158875.0,Building the Bridge
1223,111364.0,Season 6
1224,182526.0,The Parallel Otherworld
1225,187836.0,Soul UK
1226,170630.0,Divorce at High Noon
1227,201856.0,Ghosts I Have Been
1228,192976.0,L’hymne à la joie
1229,567576.0,Big World
1230,126506.0,Blue Eyed Black Boy
1231,121224.0,Citizen Zombie
1232,616175.0,Home
1233,192496.0,Simple Things
1234,263621.0,Adam Brand
1235,178248.0,Below the Waste
1236,352261.0,Controlled Elite
1237,279799.0,Inside the Moon
1238,156987.0,Keasbey Nights
1239,296293.0,The Action That You Need EP
1240,239375.0,A Sign of Things to Come
1241,218681.0,The Art of Dying
1242,114200.0,Still 
1243,45340.0,South of Heaven
1244,116317.0,Carnivalia 
1245,296569.0,Hewn From the Wilderness
1246,66826.0,Album
1247,197213.0,Pride & Glory
1248,173421.0,No Limits
1249,281562.0,& The Way She Likes It
1250,133002.0,Flowers 
1251,771063.0,Small Deviant Things Vol. 1
1252,218231.0,Deeper
1253,119577.0,Country Style
1254,206230.0,Flow
1255,240244.0,Blood in the Ink
1256,250145.0,Dancing Through the Ashes
1257,200152.0,Low Country Blues
1258,50849.0,Fuse
1259,115932.0,What Mattered Most
1260,265800.0,Stamp!
1261,231255.0,Euro IV Ever
1262,115925.0,Sleater-Kinney
1263,197826.0,Anthems of Rebellion
1264,119324.0,Elsewhere
1265,107734.0,Stay Down To Come Up (Hosted By DJ Mustard & DJ Amen)
1266,803635.0,Young & Jaded
1267,270084.0,Sun Again
1268,438286.0,Galactic Zoo Dossier
1269,109872.0,Feels Good to Be Rich
1270,119104.0,Face The Fire
1271,217721.0,Sands of Time
1272,299283.0,Rock Music W/ Singing
1273,162771.0,Tammy Wynette Remembered
1274,115685.0,Cursed With A Blessing
1275,589964.0,Burn the Bridges
1276,185332.0,Question
1277,269592.0,Dangerous Intentions
1278,255735.0,Failure
1279,217122.0,Wild Together
1280,387346.0,Breakfast At The Circus
1281,164618.0,Bustin’ Out
1282,295328.0,III
1283,172196.0,The Memphis Sessions
1284,177760.0,Off Key Melodies
1285,114793.0,As I Lay Dying
1286,264660.0,Lightning at the Door
1287,169587.0,Jesus Christ Superstars
1288,259584.0,Too Much Happiness Makes Kids Paranoid
1289,177467.0,Requiem for the Indifferent
1290,193374.0,Out of the Everywhere
1291,603485.0,KILL YOUR$ELF $agas: I - V
1292,6024.0,Keep the Faith
1293,122816.0,Glean 
1294,163312.0,Gods and Fighting Men
1295,244783.0,Death to Tyrants
1296,43570.0,Reveal
1297,166847.0,Rupi’s Dance
1298,296952.0,Push th’ Little Daisies
1299,100492.0,Seasons in the Abyss
1300,166792.0,Goodbye June
1301,172800.0,Aleesha Rome
1302,234798.0,Dry Land
1303,120164.0,Born to Fly
1304,249321.0,The House on the Hill
1305,36094.0,Into the Rush
1306,215747.0,Adolessons
1307,191596.0,Diet for a New America
1308,207881.0,We Collide
1309,6527.0,Guy III
1310,219278.0,Spitting Out Miracles
1311,129793.0,Bloodrock 2
1312,173564.0,SnuffSaidButGorBlimeyGuvStoneMeIfHeDidn’tThrowAWobblerChaChaChaChaChaChaChaChaChaYou’reGoingHomeInACosmicAmbience
1313,193836.0,Disorder
1314,117132.0,The Flood
1315,224363.0,Girl Bites Dog: Your Compact Disc Pet
1316,242653.0,Through the Looking Glass
1317,187512.0,Navigator
1318,137093.0,Love 
1319,247032.0,Waxing Gibbous
1320,273375.0,Tarot Classics
1321,115686.0,Institutes of the Christian Religion
1322,365319.0,Solstice
1323,245625.0,My Own Private Armageddon
1324,93033.0,Seventh Son of a Seventh Son
1325,247361.0,Poseidon and the Bitter Bug
1326,111539.0,A Hundred Verses from Old Japan
1327,247141.0,Sing
1328,123161.0,Cowgirl’s Prayer
1329,113864.0,Monuments to an Elegy
1330,219142.0,All the Fun of the Fair
1331,205953.0,Love Song
1332,232839.0,Stroll
1333,255030.0,Lost Horizons
1334,123133.0,Messengers
1335,126103.0,The Bird and the Bee
1336,183371.0,Goin’ Down Rockin’ : The Last Recordings
1337,197691.0,Tasteless
1338,62287.0,You Are What You Is
1339,269163.0,3 Is the Magic Number
1340,116315.0,Made In Chernobyl
1341,186138.0,Somebody Up There Digs Me
1342,120194.0,Animalistic
1343,210544.0,Soulskinner
1344,114075.0,Diamonds in the Rough
1345,89162.0,Menorah/Majora EP
1346,306918.0,All You Can Ever Learn Is What You Already Know
1347,210427.0,Third Time’s a Charm
1348,122337.0,Demolition Crash
1349,227753.0,Last One Picked
1350,245256.0,Take a Chance on Something Beautiful
1351,166642.0,Space in Between Us
1352,240376.0,Let’s Be Still
1353,208512.0,No Dice
1354,190545.0,Nothin’ Like the Summer
1355,270093.0,Bachman & Turner
1356,266794.0,The Horrifying Truth
1357,227704.0,American Teenage Rock ‘N’ Roll Machine
1358,183236.0,Relax
1359,430783.0,Demons
1360,187334.0,Wishpool
1361,147083.0,Shrinkwrapped
1362,238612.0,Towards the Sun
1363,126162.0,The Birthday Party
1364,119749.0,Reporting Live
1365,38574.0,Fame: 1980 (Original Motion Picture Soundtrack)
1366,207011.0,Guilty Pleasures
1367,183694.0,"Hello, Mannequin"
1368,445212.0,Family Tree
1369,248955.0,Cocaine Rodeo
1370,290393.0,Victim of Changes
1371,525458.0,His Kind Of Love Songs
1372,237281.0,Sunday Sunny Mill Valley Groove Day
1373,230060.0,A New Revolution
1374,200378.0,Drudenhaus
1375,270624.0,The Curse of Martha Splatterhead
1376,148802.0,Sparkle and Fade
1377,247783.0,earthlings?
1378,257097.0,Quetzalcoatl
1379,122616.0,Save A Life EP
1380,308127.0,The Lonely Robot - EP
1381,203939.0,Repellent Gastronomy
1382,123422.0,Let It Go
1383,112491.0,Astral Rejection
1384,13527.0,No Cure for Life
1385,116173.0,Breath Of God
1386,311901.0,Reluming the Embers
1387,200741.0,Powertrippin’
1388,130329.0,Streetlights
1389,3838.0,Long Story Short
1390,169001.0,Heated
1391,190132.0,Self Titled II
1392,124579.0,Battles in the North
1393,176783.0,Hurry Up and Wait
1394,245039.0,Monuments
1395,267274.0,Songs From the Silent Years
1396,227501.0,To Say the Least EP
1397,121376.0,Turn It On EP
1398,239088.0,Critics Pass Away
1399,240816.0,Out Of Sight
1400,180206.0,Homemade Blood
1401,184867.0,Magnification
1402,41771.0,Bigger Than Both of Us
1403,203883.0,La testa indipendente
1404,169592.0,"Anyway, I’ve Been There"
1405,3709.0,51/50 Ratchet
1406,404737.0,Live at Billy Bob’s Texas
1407,860585.0,Take A Chance
1408,305737.0,Great White North
1409,645357.0,Album Preview
1410,183547.0,Days of Hunger
1411,226612.0,Smalltown Brawlers
1412,240241.0,A Day at the Beach
1413,172799.0,World Extermination
1414,200764.0,Touch the Sky
1415,118345.0,That’s How a Heartache Begins
1416,159187.0,Street Corner Talking
1417,27941.0,The Brothel
1418,168980.0,From Burning Hell to Smile and Laughter
1419,196377.0,Lost Souls Like Us
1420,185943.0,Abomination
1421,164102.0,Scream & Whisper
1422,227981.0,People of the Sea
1423,639780.0,Katrina and the Waves 2
1424,260301.0,I Hope We’re Not the Last
1425,112123.0,Theory of a Deadman
1426,251901.0,The End of an Error
1427,280584.0,Manifest Damnation
1428,248241.0,The First Recordings
1429,313532.0,Janis Ian
1430,282634.0,Stoned | Part I
1431,197190.0,Pollensongs
1432,183937.0,Brutal Planet
1433,121286.0,The Slim Shady LP (Snippet Tape)
1434,194866.0,Prologue
1435,207530.0,I Let the Music Speak
1436,167969.0,Hide Nothing
1437,198566.0,Truth About Love
1438,122955.0,Snake Bite Love
1439,53366.0,Insomnia
1440,178692.0,Channeling the Quintessence of Satan
1441,195101.0,Come Down Here
1442,116473.0,Blue County
1443,324794.0,The Wonderful World of Andy Williams
1444,262199.0,Azerion
1445,114982.0,The Cheetah Girls
1446,248292.0,Wash the Sins Not Only the Face
1447,294005.0,Heartbreak Hill
1448,192773.0,Six Days on the Road
1449,322518.0,PASSIONATE YET
1450,211937.0,These Are the Good Times People
1451,112944.0,Gadsby
1452,421524.0,Destination XYZ
1453,173053.0,Moving On
1454,254187.0,Enchanted Entrance
1455,309306.0,The Life and Crimes of Alice Cooper
1456,197949.0,A New Design
1457,203285.0,Joseph Smith the Prophet
1458,171155.0,This Blood’s for You
1459,203265.0,Idealistic Animals
1460,271228.0,Cover Your Tracks
1461,159249.0,Doomsday for the Deceiver
1462,772724.0,Child: Music for the Christmas Season
1463,616835.0,Death’s Design
1464,311725.0,Quest of the Dream Warrior
1465,162915.0,Almost Here
1466,288711.0,Eudora
1467,173443.0,Disco Crash
1468,196411.0,Beneath the Velvet Sun
1469,214349.0,Hear & Now
1470,207206.0,You And Your Revolution
1471,115896.0,Welcome to the Winter
1472,201084.0,A Way of Life: Skinhead Anthems
1473,42107.0,My Garden
1474,275675.0,And Then There Was You
1475,200660.0,LP
1476,226874.0,Cypher: Insect Angels and Devil Worms
1477,194327.0,Killer Country
1478,119504.0,REAL.
1479,180487.0,Let the Good Times Roll: The Music of Louis Jordan
1480,476117.0,Happiness Is: The Complete Recordings
1481,197885.0,Twisted
1482,601250.0,There’ll Always Be a Christmas
1483,175217.0,In Your Eyes
1484,339139.0,Presence
1485,14171.0,Veteran
1486,3271.0,Rise
1487,233569.0,The Bastard
1488,342528.0,Pheromone Heavy
1489,174168.0,Mindy Smith
1490,207796.0,The Dust of Retreat
1491,179120.0,Noël
1492,1018.0,AttenCHUN!
1493,277771.0,Before and After
1494,119316.0,Fukk Fame
1495,209021.0,General Population
1496,869833.0,All That Jazz (U.S. Edition)
1497,203465.0,Sweetbox
1498,99512.0,Food
1499,255003.0,Roy Orbison Sings
1500,193425.0,Simply Believe
1501,155558.0,...Anywhere but Here
1502,109773.0,Epiphany 
1503,199326.0,Great Dirty World
1504,195147.0,Contraband
1505,133049.0,Crystal Days 1979-1999 (disc 3) 
1506,122483.0,The Ballad Of Sally Rose
1507,632570.0,Wild Energy
1508,211379.0,Unfamiliar Faces
1509,234371.0,Prism
1510,942911.0,Alone with You
1511,205317.0,Maxeen
1512,177506.0,An Naoned
1513,190988.0,DIXANADU
1514,89468.0,1298
1515,127357.0,This Addiction
1516,189249.0,Worship & Faith
1517,191944.0,"Joan of Arc, Dick Cheney, Mark Twain"
1518,109205.0,Merriam-Webster Ask the Editor
1519,217468.0,See Red
1520,205804.0,Blackfield II
1521,17097.0,Cryptic Collection 4
1522,200331.0,Distance Makes the Heart Grow Fonder
1523,117364.0,Skinny Fresco Vol. 2
1524,132531.0,Thunder in My Heart
1525,172942.0,Resurrection
1526,257460.0,Freddie and the Dreamers
1527,112313.0,HELLA FRREAL 
1528,116690.0,The Fine Print - $484.00
1529,231157.0,Matter Has a Breaking Point
1530,242161.0,Songlines
1531,245663.0,Hello Out There
1532,289986.0,Come Clean
1533,119772.0,Before The Dinosaurs
1534,765539.0,None Shall Escape
1535,109305.0,Return to Struggleville
1536,197266.0,Punk Junkies
1537,184904.0,The Umbersun
1538,173987.0,11 Transistor
1539,462006.0,⊿ (Triangle)
1540,185351.0,Baby Beatles!
1541,262536.0,Doppelgänger
1542,117531.0,No Protection
1543,216563.0,Why Be In When You Could Be Out
1544,190007.0,Here Comes Everyone
1545,114338.0,The Messenger
1546,213179.0,When You’re a Rebel
1547,175040.0,"Masters of Chant, Chapter II"
1548,250430.0,So This Is Goodbye
1549,227619.0,Already
1550,30896.0,The Hoople
1551,238810.0,NOFX
1552,183901.0,Burning Bridges
1553,162687.0,Original Me
1554,112112.0,2014 NFL Touchdowns 
1555,175840.0,One Up for the Dying
1556,254300.0,The Black Album
1557,302960.0,Diluvium
1558,121833.0,A Soldier Of Fortune 
1559,294069.0,Become What You Are
1560,116204.0,Shouldn’t a Told You That
1561,193770.0,Back at the Laundromat
1562,120690.0,Vile
1563,111083.0,Some People Have Real Problems
1564,202857.0,The Columbus EEP Thee
1565,213127.0,Stones
1566,167613.0,Love and Curses
1567,211191.0,Los Angeles Synthetic
1568,283577.0,The Place I Love
1569,209950.0,Talk About Life
1570,311975.0,Swing Your Daddy
1571,280262.0,Come Fly With Me
1572,861808.0,LP1 (Limited Deluxe Edition)
1573,46474.0,Trouble is
1574,117467.0,FA Cup 2014/15
1575,790800.0,Off The Molly
1576,117982.0,Last Sessions: Their Complete Victor Recordings (1934–1941)
1577,173699.0,A World Depraved
1578,211462.0,The Master and the Monkey
1579,205117.0,Miss America
1580,120906.0,Keep It Goin’ On
1581,187551.0,Intimacy
1582,208768.0,London Weekend
1583,144369.0,Ritual
1584,238414.0,Holy Weather
1585,228729.0,Anka
1586,215251.0,Changes
1587,280184.0,For ’Teen Twisters Only
1588,176980.0,All My Days
1589,377254.0,Fastlife Music Presents: Code of the Streets
1590,120327.0,North 
1591,111471.0,Jane Doe
1592,194741.0,Perfect Sex
1593,100263.0,Monster Monster
1594,240864.0,A Chorus of Storytellers
1595,201904.0,One Hundred Years from Now
1596,113034.0,The Arising
1597,248738.0,Good News
1598,20891.0,First Love
1599,520427.0,Class Mythology - EP
1600,174478.0,One
1601,231701.0,Hang Love
1602,212746.0,Surprise
1603,9901.0,House of Representatives
1604,180594.0,Hero
1605,214971.0,Life
1606,40378.0,Tourist
1607,477944.0,Music On The Brain Volume 1
1608,219686.0,Appease
1609,175583.0,Patricia Vonne
1610,37744.0,Bone Palace Ballet
1611,366652.0,NOW That’s What I Call Music! 89 [UK]
1612,209923.0,Ghost Thief
1613,29310.0,I-Feel-Like-I’m-Fixin’-to-Die
1614,163101.0,Great Expectations
1615,271427.0,Ready to Dare
1616,245604.0,Behind Silence and Solitude
1617,266061.0,Half Way Home
1618,200462.0,Testimony of the Ancients
1619,204560.0,Chicks and Speed: Futurism
1620,159116.0,Reach Out
1621,223044.0,We Love the City
1622,245839.0,Dark Avenger
1623,301468.0,Storms of Apocalypse
1624,77982.0,Framed 
1625,175361.0,Close to Home
1626,170859.0,Not That Kind
1627,134251.0,You Can’t Take It With You
1628,519800.0,Travellin’ Blues
1629,210033.0,Filth
1630,121678.0,All-American Boy
1631,257309.0,Caution Strong Irritant
1632,258212.0,Night and Day
1633,233359.0,The Charles C. Leary
1634,271226.0,Glass Shadows
1635,189382.0,Consequence of Power
1636,212493.0,I’ve Got My Own Hell to Raise
1637,186675.0,Supermodels
1638,117715.0,Time* Sex* Love*
1639,118017.0,Soldier
1640,284605.0,Electric Relics
1641,259471.0,In the Poppy Fields
1642,829796.0,The Melancholy Collection
1643,315513.0,Rock On
1644,248876.0,Uncle Dysfunktional
1645,291443.0,The Circle Game
1646,119227.0,Carpe Diem
1647,310898.0,S.R.O.
1648,175767.0,Cherry Kicks
1649,179304.0,Wish I Could Dream It Again...
1650,3305.0,The Natural
1651,185935.0,Stargazing
1652,123081.0,Speak. 
1653,521645.0,The Rich Man’s Eight Track Tape
1654,259238.0,Sugar
1655,159876.0,Man-Made
1656,315304.0,My Riot
1657,216775.0,Soli Deo Gloria
1658,171201.0,Broken Star
1659,224747.0,Stories
1660,218052.0,Love Thy Neighbour
1661,6153.0,Paula DeAnda
1662,171983.0,Traditions
1663,244897.0,Reborn Dogs
1664,217888.0,The Frequency E.P.
1665,241534.0,The Hope We Forgot Exists
1666,134492.0,New Maps of Hell
1667,213506.0,No Second Chance
1668,229798.0,Throb Throb
1669,118192.0,Colours EP
1670,175838.0,All Together Separate
1671,189600.0,Original Sound Version
1672,352630.0,United States Live (Part 2)
1673,180400.0,Profools
1674,64998.0,The Sun Comes Out Tonight
1675,760821.0,Back To Work: The Official TP Mixtap Vol. 1
1676,455852.0,The Lord Of The Rings: The Return Of The King: The Complete Recordings
1677,30844.0,Off The Hook 
1678,211433.0,Can’t Talk Medicine
1679,20205.0,Supa Dupa Fly 
1680,715734.0,Glenn Miller Time—1965
1681,238215.0,High & Mighty
1682,479547.0,The Life of a Song
1683,258085.0,Waves
1684,278000.0,Dead End Stories
1685,224079.0,Process of Elimination
1686,197890.0,Pussysoul
1687,186771.0,Crash
1688,270223.0,0816
1689,86269.0,Vodka & Milk
1690,201450.0,Tattoo
1691,199999.0,One Day at a Time
1692,167247.0,Divinity
1693,558505.0,U.S. Retrace
1694,231813.0,Celeste
1695,152645.0,My Dreams Dictate My Reality
1696,114179.0,K.O.B. King Of Brooklyn 2
1697,178815.0,Love Everybody
1698,148787.0,We Didn’t Say That!
1699,26754.0,LP Underground 4.0
1700,125319.0,In Context
1701,176578.0,Pure Worship (CeCe Winans Presents Pure Worship Performers)
1702,223413.0,Barchords
1703,181117.0,Spirit of the Century
1704,246371.0,Smash
1705,201204.0,Kings of the Wild Frontier
1706,231304.0,The Genocide Machine
1707,271406.0,Anthems
1708,180871.0,Tutto è possibile
1709,177510.0,7
1710,157744.0,Standing Ovation
1711,118934.0,Age of Aquarius
1712,177562.0,Metazoa
1713,107115.0,The Resistance: Rise of the Runaways
1714,196750.0,Pebble
1715,185781.0,Harvest
1716,327730.0,One Step Closer
1717,302442.0,Darkness Falls
1718,119073.0,Control
1719,245732.0,Endangered Species
1720,237218.0,Close and Counting
1721,15140.0,The Light of The Sun
1722,125790.0,Swings and Roundabouts 
1723,205873.0,What Burns Never Returns
1724,224465.0,Red Harvest
1725,30360.0,"My Son, The Nut"
1726,214898.0,Little Spark
1727,187588.0,California Sounds
1728,828322.0,The Complete Shirley Temple Song Book - Original Film Sound Tracks
1729,148975.0,Fight the Frequency
1730,179284.0,Here and Now
1731,257025.0,Feel
1732,187735.0,Blueberry Hill
1733,177803.0,Darchangel
1734,186649.0,Surrender the Sun
1735,190921.0,Secret
1736,122471.0,Carousel One
1737,222980.0,"The Best of Emerson, Lake & Palmer"
1738,198935.0,Sweet Fanny Adams
1739,188525.0,Fresh Wine for the Horses
1740,121458.0,I Never Knew Lonely 
1741,190063.0,Fallingwater
1742,258923.0,Brian Wilson Reimagines Gershwin
1743,111990.0,Mink Car
1744,19151.0,Fire & Ice
1745,6553.0,Dutty Rock
1746,116996.0,Tight Rope
1747,228221.0,Christmas
