,artistID,name
0,343663,Jeff Healey
1,16188,SK Laflare
2,287467,Period Tears
3,109016,Audio Adrenaline
4,41479,Towkio
5,18814,VIC MENSA
6,356415,Club 8
7,357124,Fever Tree
8,131046,Supa Bwe
9,328729,Jaymz V
10,39097,Chris De Burgh
11,1104,Carly Simon
12,352009,Stephen Kellogg and The Sixers
13,352894,Jeff Beck Group
14,97739,Rod Stewart
15,226153,Paul Newman
16,372919,Kaleef
17,42960,Kitty Wells
18,348556,Arbouretum
19,23656,Senses Fail
20,23622,Sick Puppies
21,368739,Jesus On Extasy
22,29964,Studio Farmer
23,799,Rap Genius Editors
24,1610,Al Green
25,351028,Flowing Tears And Withered Flowers
26,364838,John K. Samson
27,16836,Kyle Lucas
28,276,Madonna
29,47599,Tyla
30,350149,Amy Sky
31,353817,Classic Case
32,343947,Count Raven
33,349636,Kelli Ali
34,354348,Trent Willmon
35,21100,Oasis
36,9001,NATAS
37,349123,Big Head Todd and the Monsters
38,38586,​a-ha
39,183551,C 21
40,353544,Mazes
41,358250,Blue October UK
42,234495,Goldie Teef
43,15276,Travis Tritt
44,353676,KIDZ BOP Kids
45,57506,Big Black
46,350483,The Gregg Allman Band
47,38157,Bob Seger
48,12925,Weezer
49,74858,Dallas Frazier
50,350928,Bullets And Octane
51,324408,Jeremy Camp
52,2663,JoJo
53,74320,Catch 22
54,59566,High Highs
55,348865,All Things Bright And Beautiful
56,29176,Chumbawamba
57,254146,Span
58,39196,Robin Trower
59,220772,Sinclair Lewis
60,356266,Blackmore’s Night
61,353861,Endanger
62,343625,The Duskfall
63,46891,Echo & the Bunnymen
64,358882,Worm Is Green
65,348469,ItaloBrothers
66,26289,Carlprit
67,180650,Kate Walsh
68,73858,Joan Jett & The Blackhearts
69,351104,Spanky and Our Gang
70,205949,Abbe May
71,349289,Alesha Dixon
72,347542,Acid Death
73,28985,Silversun Pickups
74,1709,Bobby Womack
75,353180,Bloodbound
76,227645,Cinematic Sunrise
77,26960,"Peter, Paul and Mary"
78,362480,Dan Mills
79,65306,Barbra Streisand
80,58171,The Mowgli’s
81,373106,Holy Barbarians
82,63404,Alabama
83,344051,​that dog.
84,17236,Judas Priest
85,368556,Earl Bostic
86,378115,The Music Machine
87,354907,Bambole Di Pezza
88,411,Lil’ Kim
89,368632,Ice Choir
90,353871,Impaled Nazarene
91,349101,Porter Wagoner & Dolly Parton
92,322,Willie the Kid
93,162,Sean Price
94,5974,Sha Stimuli
95,35359,Butthole Surfers
96,352590,Sonny & The Sunsets
97,357056,Joey Cape
98,358683,Pathology
99,37349,Shakka
100,358370,Burden of Grief
101,368101,Detroit Grand Pubahs
102,34813,For Today
103,349265,Baby V.o.x.
104,343783,Ross The Boss
105,359080,Hocico
106,186680,Peter Cetera
107,41560,Ivan & Alyosha
108,343870,Robert Cray
109,150942,Skeeter Davis
110,351139,Anasarca
111,374755,Sqeezer
112,367520,Lonnie Gordon
113,21361,The Devil Wears Prada
114,343852,Across The Border
115,215996,Danny Schmidt
116,357184,Pink Cream 69
117,351040,Crime & The City Solution
118,19664,America
119,80625,Toad the Wet Sprocket
120,329188,Arrange
121,108740,Le Tigre
122,560,Elton John
123,86861,Jerrod Niemann
124,22163,Iron Maiden
125,332421,Charley Pride
126,348975,Junior Walker & The All Stars
127,371825,Insanity Reigns Supreme
128,351758,Nox Aurea
129,107300,Balance and Composure
130,240001,Anthony Green
131,350392,Anagnorisis
132,349349,America Gomorrah
133,70370,Smog
134,372791,Club Decease
135,50825,Thievery Corporation
136,28134,Alina Orlova
137,38489,Manic Street Preachers
138,24019,Basement Jaxx
139,89582,Paloma Faith
140,142964,Tired Pony
141,343691,Half Man Half Biscuit
142,12261,Old Crow Medicine Show
143,73,Jamie Foxx
144,358,Mary J. Blige
146,350864,Arma Angelus
147,358391,Rubyhorse
148,348748,Attak
149,348631,David Wilcox
150,371918,Lanterns On The Lake
151,351235,Amputated Genitals
152,368475,Paddock Park
153,124077,Tom Cochrane
154,980,B.J. Thomas
155,373806,The Bachelors
156,350792,Ana Silvera
157,350914,Buke & Gase
158,344879,Tomas Ledin
159,364097,Tellison
160,21034,Alex Clare
161,363715,The Ike Reilly Assassination
162,367890,Fono
163,362136,Jorn
164,47372,Roy Orbison
165,57349,Attila
166,352498,Bodies of Water
167,41541,​Da Buzz
168,8140,John Mellencamp
169,653547,ABS
170,189788,The 69 Eyes
171,357834,Love/Hate
172,16424,Chinx
173,352109,Flotsam and Jetsam
174,352185,Stardeath And White Dwarfs
175,350357,Ambeon
176,11523,Pavement
177,15912,Swain Turay
178,37758,Margot & the Nuclear So and So’s
180,355790,The Inchtabokatables
181,277697,Rapture Ruckus
182,1047108,Jonathan Thulin
183,349457,The Bouncing Souls
184,326390,Admiral Fallow
185,348209,Stevie Ray Vaughan and Double Trouble
186,367339,Django Walker
187,71517,Michelle Branch
188,337964,Vantum Noir & Blue November
189,420,Blu
190,63012,Cashus King
191,20955,Dolly Parton
192,356176,Mumakil
193,9562,Quo (Group)
194,229,Redman
195,360206,Gurd
196,29383,John Prine
197,94450,Murder by Death
198,348847,A.J. Croce
199,171524,Biga Ranx
200,57697,Vivian Green
201,357366,Pyogenesis
202,188779,Doyle Bramhall II
203,363906,Ruby Throat
204,36267,Yes
205,49715,Big Audio Dynamite
206,340121,Jana Kramer
207,80125,Kehlani
208,346707,Coucheron
209,347603,Abbie Gardner
210,713,​will.i.am
211,353494,The Kry
212,361936,A Cursive Memory
213,352223,Casey Donahew Band
214,357695,Melanie Doane
215,350693,Johnny Marr + The Healers
216,196,Lloyd
217,353463,Notre Dame
219,237831,Gary Moore
220,357365,Hammercult
221,349272,Rocco DeLuca & The Burden
222,360835,Hidden Tribe
223,103765,Burl Ives
224,306248,Rozz Dyliams
225,251397,Attaque 77
226,155284,The Nitty Gritty Dirt Band
228,363201,Dismal Euphony
229,68350,Adolescents
230,25357,Maria Mena
231,349425,Blue Rodeo
233,351798,Sherrié Austin
234,65299,Jon Bon Jovi
235,272196,Billy Gilman
236,50793,Anouk
237,371516,Lynam
238,356744,Electrocute
239,351693,Anything Box
240,344363,Strung Out
241,55859,Hoobastank
242,11795,Luke Christopher
243,85252,Twerps
244,108683,Will and The Mix
245,108847,The Sensational Alex Harvey Band
246,16644,Shahmen
247,50611,BAXXXTER
248,361063,Bojoura
249,16842,Jefferson Airplane
250,350520,Kunt And The Gang
251,60698,Amos Lee
252,351298,Amon Din
253,369260,Eugene McGuinness
254,68094,The Alan Parsons Project
255,367856,Oratory
256,358002,Marc Almond
257,165570,Emperor X
258,25815,The Mountain Goats
259,348837,Curved Air
260,28882,Slightly Stoopid
261,258540,The Virginmarys
262,3833,Jack Johnson
263,355911,DeGarmo and Key
264,211102,Old Man Luedecke
265,358728,Grave Desecrator
266,348228,Cross Canadian Ragweed
267,356274,Heathen
268,357865,Jennifer Paige
269,15941,The Madden Brothers
270,8604,Cherrelle
271,348493,Kill Cheerleader
272,39198,Emmylou Harris
273,370121,Coco Lee
274,139580,The Dangerous Summer
276,22754,Charlie Daniels
277,5342,Lord Infamous
278,210713,B.K.P.
279,14780,Motörhead
280,354119,John Barrowman
281,49829,Nick Catchdubs
282,12214,Heems
283,20179,Troy Ave
284,343987,Aaron Shust
285,359252,Patterson Hood
286,343067,Sonic Syndicate
287,344114,Pacific Air
288,369486,Daryl Coley
289,40926,Foxygen
290,16871,​of Montreal
291,349104,Bell Book & Candle
292,125136,Cold Chisel
293,353446,Regency Buck
294,348897,Heather Alexander
295,34017,The Mamas & The Papas
296,3329,Lenny Kravitz
297,350163,Alvin Youngblood Hart
299,285055,Saxon
300,294052,Sara Evans
301,355159,Echolyn
302,362696,Dopethrone
303,343923,Kraan
304,364206,John Hartford
305,351084,Amity In Fame
306,7031,Luther Vandross
307,208020,Cassandra Wilson
308,1547,Bob James
309,361024,Niva
310,370888,Richard Cheese
311,44044,Corey Taylor
312,36556,Chicago
313,371465,People Press Play
314,322578,Daniel Amos
315,355559,Ten Second Epic
316,282140,Cry Of The Afflicted
317,23748,Sasha
318,2233,3LW
320,349214,A.R. Kane
321,311271,The Aquabats!
322,369256,Doom:Vs
323,2951172,PUSHIM [JPN]
324,32823,Bryan Adams
325,353459,Ecnephias
326,869,Jagged Edge
327,65950,The Ataris
328,1086352,​ionnalee
329,344485,Stacey Kent
330,343392,Information Society
331,326413,Deana Carter
332,187413,John Anderson
333,341161,Ashley Scared The Sky
334,360452,Shane & Shane
335,349866,Israel & New Breed
336,259278,Israel Houghton
337,347443,The Accüsed
338,349568,Big Big Train
339,343533,Ingram Hill
340,31376,Naughty Boy
341,1164,Professor Green
342,13465,Emeli Sandé
343,12025,The Smashing Pumpkins
345,100332,Bobby Caldwell
347,27118,Townes Van Zandt
349,356504,Torturous Inception
350,364591,Slim Whitman
351,349705,Ancestral Legacy
352,58944,Skeemz & James SwanQo
353,353366,Tides of Man
355,352262,Tom Baxter
356,368875,B-Movie
357,34555,Röyksopp
358,8674,Dionne Warwick
359,41921,Frank Zappa
361,370370,Dan Reed Network
362,34602,Suzanne Vega
363,78159,Miracle of Sound
364,348193,Black Era
365,12120,Phantom Planet
366,526003,Andy Williams
367,234463,Kate Miller-Heidke
368,347430,Abhinanda
369,20922,Sam Lachow
370,47797,Ariana DeBoo
371,28587,JFA
372,353086,Paddy Goes To Holyhead
373,79760,Bleach
374,717,Emily Dickinson
375,364622,Robots In Disguise
376,42954,FrankMusik
377,34513,Mick Jenkins
378,360518,Peter Green
379,71513,ALL
380,1608972,Alice
381,360327,Dave Fredrickson
382,56435,SicBoy.
383,353990,Gotthard
384,1319,Meek Mill
385,5760,Gillie Da Kid
386,349974,Blood Has Been Shed
387,275474,Glee Cast
388,998537,Heather Morris
389,17949,Jason Aldean
390,1008661,Demba Nabé
391,60680,Staind
392,360855,Bobby Sherman
393,191240,The Spill Canvas
394,142821,The Creepshow
395,347449,Velvet Acid Christ
396,343896,Marillion
397,23335,GrandeMarshall
398,329727,Pauly Sue
399,344843,Bobby Short
400,361423,Eilen Jewell
401,370738,Nocternity
402,26031,Anti-Flag
403,216,AMG
404,51746,Paralex
405,350993,Amestigon
406,351190,Courtney Marie Andrews
407,350351,Steve Harley & Cockney Rebel
408,347605,Liars Academy
409,221924,Batgang
410,278,Jeremih
411,1631,Kid Ink
412,859,Gorilla Zoe
413,359346,Everything in Slow Motion
414,39962,Meat Loaf
415,347552,According To John
416,182,Yelawolf
417,436,Ray J
418,332989,The Pigeon Detectives
419,7393,Lisa “Left Eye” Lopes
420,22636,INNA
421,6343,Patrick Stump
422,46697,Badfinger
423,11822,She & Him
425,2187,Horseshoe G.A.N.G
426,325097,Dr. Acula
427,356826,Fates Warning
428,356865,With Honor
429,71193,Alphaville
430,365211,Von Thronstahl
431,356894,The Baseballs
432,348567,As They Burn
433,325551,Belinda Carlisle
434,53779,Noah and the Whale
435,359031,Detritus
436,36234,Natalie Merchant
437,347454,The Minus 5
438,6644,Illy
439,31638,Jan & Dean
440,11082,Anthrax
441,2598,Blackstreet
442,43100,Raven (Band)
443,219495,Nunnally Johnson
444,219496,Henry Fonda
445,348210,Beth Nielsen Chapman
446,308664,Paul Weller
447,8474,Rehab
448,4754,Montell Jordan
449,353668,Evocation
450,349778,Ammonia
451,349498,Nox Arcana
452,261387,E.K. Bush
453,349545,Louis Armstrong & His All-Stars
454,349310,Annihilator
455,1450,YG
456,54521,Charley Hood
457,19700,TeeCee4800
458,351745,Angel City Outcasts
459,40035,AJJ
460,3925,Yolanda Adams
461,350717,Thieves And Villains
462,347582,Aborted
463,359980,Mactätus
464,349110,Buddy & Julie Miller
465,558408,Stalking Gia
466,374261,Galactic Pegasus
467,83147,Guano Apes
468,356932,Paolo Conte
469,356513,Macabre
470,44763,Sophie B. Hawkins
471,1181,The-Dream
472,44187,Keane
473,357543,Born Against
474,348754,Bill Ward
475,349505,Aganice
476,347602,Motor Ace
477,105680,Emil Bulls
478,363100,Secret Sphere
479,353770,Informatik
480,21401,Cutting Crew
481,291132,Late Night Alumni
483,360081,Strapping Young Lad
484,194741,Dr. Jordan
485,220144,The Human League
486,17582,Brand New
488,369411,Normal Generation
489,338239,Falkenbach
490,347736,Adelphi
491,357303,Coil
493,366814,Lank The Lord
494,59794,Reba McEntire
495,1823536,Adagio (BRA)
496,349865,Seventh Angel
497,352779,Christine Anu
498,362020,Limp Wrist
499,59533,Between the Buried and Me
500,348589,Jose Mari Chan
501,66318,Matmatah
502,360275,Stryper
503,353711,The Black Sorrows
504,349070,Alix Olson
505,359355,LoveLikeFire
506,352545,Big Heifer
507,157361,Acappella
508,354426,Ricky Ross
509,140446,Jon Anderson
510,344743,Erin O’Donnell
511,344028,Demis Roussos
512,352401,One Bad Pig
513,16004,Neutral Milk Hotel
515,20619,The Dead Milkmen
516,342538,Madison Avenue
517,185301,​dEUS
518,349841,Seals and Crofts
519,343252,Clarence Clarity
520,351865,We Are Lions
521,66000,Behemoth
522,361189,Graham Parker & The Rumour
523,350572,John Doe and The Sadies
524,26504,Julian Marley
525,356522,DJ Encore
526,303434,Mary Chapin Carpenter
527,350629,Andy Bell
528,331907,Mel Tillis
529,349015,Candice Alley
530,40282,Bette Midler
531,364113,Emitt Rhodes
532,359092,The Letters Organize
533,47585,Ron Sexsmith
534,62307,Athlete
535,13741,Eli Young Band
536,40927,Tony Bennett
537,354467,Midnight Odyssey
539,140352,Jack Beats
540,2079933,Fernando Ortega
541,8311,P.O.D.
542,20692,Arch Enemy
543,80105,Electric Callboy
544,56172,Troy NōKA
545,8172,Steven Curtis Chapman
546,353125,Tubelord
547,38362,The Comsat Angels
548,328876,EVEREST
549,324662,The Speed of Sound in Seawater
550,362080,Hank Locklin
551,346464,Avantasia
553,353294,The Mr. T Experience
554,348199,Big Sugar
555,358427,Arwen
556,69114,Creature Feature
557,348887,Mose Allison
560,174495,The Academy Is...
562,365041,Feargal Sharkey
563,365657,Devil Lee Rot
564,33876,The Specials
565,1080,Walt Whitman
566,25943,​​alt-J
567,48031,Amanda Lameche
568,344055,Nasum
569,153859,A. B. Schmidt
570,361295,Blut Aus Nord
571,67293,Cass McCombs
572,354628,The Jayhawks
573,351300,Big Audio
574,298648,HammerFall
575,39364,Haven
576,360357,GrimSkunk
577,128718,Mathilde Santing
578,349332,North Mississippi Allstars
579,356473,The Butterfly Effect
580,373382,Larry Howard
582,343632,Death in June
583,5126,Glenn Lewis
584,18713,Chris Young
585,39195,Al Stewart
586,350067,All The Right Moves
587,351605,The Autumn Offering
588,272199,Ty Herndon
589,367340,Greg Trooper
590,350456,Andy Davis
592,239255,PRhyme
593,547,Killer Mike
594,11353,ScHoolboy Q
595,326639,DJ Outta Space
596,1054301,Young Sizzle
597,245150,Nephew Texas Boy
598,326638,Ethan Sacii
599,326637,Spiiker
600,344634,Cinerama
601,149945,Atom and His Package
602,39114,Small Faces
603,988556,Stanley Unwin
604,33317,Judy Collins
605,344778,Jason Boland & The Stragglers
606,35595,Dave Brubeck
607,349382,Atomic Kitten
608,349030,Bitch and Animal
609,14148,Rapsody
610,16408,Heather Victoria
611,349192,Dave Carter & Tracy Grammer
612,349538,All Ends
613,225129,The Ocean Collective
614,350146,Amebix
616,339,Mýa
617,61116,The Format
618,354867,Warzone
619,32618,Slade
620,299934,Anthony Munday
621,299933,Henry Chettle
622,842,William Shakespeare
623,357391,Kaddisfly
624,240174,J. Roddy Walston and The Business
625,365737,Zombie Girl
626,7370,Blu Cantrell
627,348970,Eric Burdon & The Animals
628,364727,Silke Bischoff
629,353053,DoubleDrive
630,348536,Blue System
631,125285,​The Fall
632,284115,Adagio
633,333234,Ja’Cory Lavine
634,334161,Calling All Cars
636,362836,Von Hertzen Brothers
637,181255,Ted Leo and The Pharmacists
638,349429,Burning Brides
639,348561,Christopher Jak
640,292139,Citizens
641,232595,Mrs. Solomon
642,343724,Malevolent Creation
643,311090,Abigor
644,16657,Bayside
645,363548,Hope For Agoldensummer
646,299982,Blindside
647,230,Cassidy
648,27570,Elbow
649,186659,Periphery
651,351119,Deborah Anderson
652,18425,The Living Tombstone
653,11735,SBTRKT
655,42422,Men at Work
656,43954,How I Met Your Mother
657,256795,Warren Barfield
658,353804,Gene Loves Jezebel
659,365890,Crimson Moonlight
660,147136,Sidewalk Chalk
661,359400,The Reasoning
662,353111,Sarah Geronimo
663,66999,Neon Jungle
664,355318,Crowbar
665,142418,Eva Cassidy
666,349390,Boy Kill Boy
667,45341,Courtney Love
668,39639,John Steinbeck
669,344805,Barathrum
670,42368,D-A-D
671,800,Bee Gees
672,33925,​mclusky
673,464,Tha Dogg Pound
674,76227,Super Furry Animals
675,290876,Beachwood Sparks
676,125168,Codeine
677,356837,Michael Kiske
678,161176,Cold
679,47873,Lost In The Trees
681,14837,MONKEY MAJIK
682,357065,Róisín Murphy
683,331904,Kathy Mattea
684,11620,Skizzy Mars
685,173069,Hey Rosetta!
686,58765,Lobo
687,669661,Anni-Frid Lyngstad
688,8373,Peter Andre
690,353481,Labyrinth
691,100713,The Supremes
692,137982,Lard
693,62864,Eric Saade
695,358738,Ruth-Ann
696,1235,Marsha Ambrosius
697,213822,Johnny Hollow
699,348994,Alabama Thunderpussy
700,1425,Brandy
701,359212,Green Lizard
702,131685,Bess Rogers
703,334683,The Mavericks
704,223784,Lee DeWyze
705,367836,Junction 18
706,354801,Too Pure To Die
707,248390,Bauhaus
708,348706,Red Wanting Blue
709,75162,Alter Bridge
710,364096,Gryphon
711,348923,Cindy Alexander
712,72331,Frank Black and the Catholics
713,348785,Life of Agony
715,270499,Katrina Elam
716,343744,Catamenia
717,25796,Phish
718,359201,Luminate
719,351608,Autumnia
720,67595,Godsmack
721,364719,Surfdog7
722,356347,Darwin Hobbs
723,230568,"Chunk! No, Captain Chunk!"
724,362974,One Without
726,353547,Suzi Quatro
727,368634,A Beautiful Silence
728,368525,Bare Knees
729,149584,Jessi Colter
730,233426,Neymar
731,56258,Brazil National Football Team
732,65023,UEFA Champions League
733,289432,Copa del Rey
734,29924,FC Barcelona
735,66618,La Liga Santander
736,338208,Clem Snide
737,53153,The Jezabels
738,342889,Forth Wanderers
739,169000,King Avriel
740,15369,A$AP Ferg
741,16026,The Civil Wars
742,347414,The Pack a.d.
743,49962,Danzig
744,697732,C Dot Castro
745,350388,Ashley Stove
746,322585,Puppet
747,1217069,The Eden Project
748,17588,Cold War Kids
749,357926,Helen Love
750,359120,Highlord
751,51595,Ella Eyre
752,455,Lil B
753,371485,Cory Branan
754,66965,TISM
755,335658,Michael W. Smith
756,344426,Angel Witch
757,128013,"Crosby, Stills & Nash"
758,360612,Cadaveria
759,142473,Aztec Camera
760,347672,Reubens Accomplice
761,351831,Butch Walker and the Black Widows
762,348824,The Modern Age Slavery
763,303167,Icarus The Owl
764,292714,Integrity
766,264360,Rose Falcon
767,35981,La Dispute
768,662460,Jeremy Bolm
769,50667,Sonata Arctica
770,237185,Fat Mondo
771,343787,The Wedding Present
773,1802384,NBA
774,368179,A Thousand Falling Skies
776,34959,Maylene and the Sons of Disaster
777,166240,Marty Balin
778,347673,Abigail
780,106322,Lou Bega
781,1845903,Wizard (Band)
782,349142,Alex Baroni
783,41462,Andrew Lloyd Webber
784,1139986,Sally Dexter
785,1139981,Summer Strallen
787,1602,Stevie Wonder
789,360772,Breathless
790,229297,Bodyrockers
791,361558,Reverend Horton Heat
793,37184,Joan Baez
794,138818,Joseph Arthur
795,337585,Sintax.the.terrific & DJ Kurfu
796,10395,Sintax the Terrific
797,329908,Adrenaline Mob
798,353117,Nurses
799,363104,Vince Neil
800,139756,Velvet Revolver
801,8356,Porno for Pyros
802,185849,Reptar
803,249456,Recorders
804,68157,The Righteous Brothers
805,358764,Jonquil
806,50885,Zed (New Zealand)
807,58994,Boys Like Girls
808,1897,Kenny Loggins
809,8662,The Jackson 5
811,55618,Amy Macdonald
812,331908,Rosanne Cash
813,354669,The Dream Syndicate
814,367682,Emberghost
816,25230,Sweet
817,47994,Akuma_Got_Bars
818,298981,Billie Myers
819,344939,Al Jarreau
820,269459,The Connells
821,326549,Carolina Liar
822,370130,Catch
823,374081,You Won’t
824,357591,The Kingsbury Manx
825,1039,MC Hammer
826,124113,Donald Fagen
827,362408,Mike + the Mechanics
828,370999,Salacious Gods
829,126406,Steve Winwood
830,359067,Dead In The Dirt
831,344842,Fr/action
832,354545,Glenn Hughes
833,77,DMX
834,343795,Jim White
835,28684,Guided by Voices
836,19052,ARK
837,358121,Dandi Wind
839,356089,Sophie Zelmani
840,351053,Phoenix And The Turtle
841,12109,Lil Debbie
842,1098575,Aliky
843,349161,Adam Arcuragi
844,337983,Allison Moorer
845,354570,A Life Divided
846,36594,Siouxsie and the Banshees
847,23360,Cap’n Jazz
848,13163,"Earth, Wind & Fire"
850,216530,Big Black Delta
852,363725,Bradley Hathaway
853,357612,Godhead
854,1444,Jennifer Hudson
855,357220,Josh Clayton-Felt
856,344760,U.D.O.
857,348574,Charlie Major
858,39212,Nick Cave & The Bad Seeds
859,355314,Five Knuckle
860,240888,Wampire
863,352219,A Backward Glance On A Travel Road
864,82338,Ladyhawke
865,349702,Ben Harper and Relentless7
866,38335,Def Leppard
867,348832,All Star United
868,22481,Jeff Buckley
869,344691,Sammy Davis Jr.
870,166040,Ace Wilder
871,18697,Sole And The Skyrider Band
872,355244,Engelbert Humperdinck
873,334023,Corey Smith
874,367173,Raven-Symoné
875,355112,Klaatu
876,348817,Sick of It All
877,248043,Ramblin’ Jack Elliott
878,349098,Big D And The Kids Table
879,354292,Vicky Beeching
880,354368,No Angels
881,4647,Tha Chill
882,1436,MC Ren
886,359216,SIG:AR:TYR
887,345313,We have band
888,229140,Animaniacs
889,8619,Billy Ocean
890,343895,Autopsy
892,348921,Adequate Seven
893,26577,Aminé
894,344546,Her Bright Skies
896,368501,The Cox Family
897,14490,Berner
898,310,Wiz Khalifa
899,353352,ThouShaltNot
900,349999,Arthemesia
901,27166,Scorpions
902,55732,Paul Schrader
903,55731,Martin Scorsese
905,2013,P.M. Dawn
906,232,Black Rob
907,181512,Damez
908,344801,Elevator To Hell
910,151889,Lea Salonga
911,51547,The Blood Brothers
913,134224,The Yardbirds
914,349432,Discordance Axis
915,354927,Sydney
916,335644,Anal Stench
917,350140,Vanessa Amorosi
918,308109,Idaho
919,344383,Carman
920,8359,Black Lips
921,349149,Anne Clark
922,350866,Arthemis
923,33238,Lil Bibby
924,178714,Jason Donovan
925,35128,Paigey Cakey
926,37878,Ratlin
927,212028,YamIxy
928,137083,Girls Aloud
929,358981,Galadriel
930,147603,Laidback Luke
931,107,Lil Jon
932,15792,Steve Aoki
933,354352,Hal Ketchum
934,262105,Black Gold
935,349333,Altaria
936,367416,State Of Man
938,96049,The Faceless
939,327132,Captain Beefheart & His Magic Band
940,2968,Ky-Mani Marley
941,347782,Acrophet
942,351963,Ari Hest
943,1734146,The Blackout (Welsh band)
945,68020,T.S.O.L
946,354717,Doro
947,271491,Spector
948,24626,The Presidents of the United States of America
949,644,Animal Collective
951,339194,Skip The Foreplay
952,174395,Relly Jade
953,346215,INDEEDFACE
954,156467,Minty Burns
955,360176,The Exies
956,86379,Greg Lake
957,75851,All That Remains
959,349148,Dead or Alive
960,344601,All Levels At Once
961,354497,The Tear Garden
962,350451,Allister
964,359864,The Primitives
965,339102,Jay and the Americans
966,42885,Allan Sherman
967,353948,Tonéx
968,123531,Darren Hayes
969,256428,Ziggy Marley & The Melody Makers
970,23214,Justin Nozuka
972,367158,Micah Stampley
974,347423,The Dream Academy
975,362874,Bruce McCulloch
976,210793,Gregory Alan Isakov
977,363113,Tearwave
978,347659,Tribe After Tribe
979,63826,The Vandals
980,13498,Prof
981,1222632,LAKE (Band)
982,353523,Endeavor
983,226426,Jamie’s Elsewhere
984,50323,Co Campbell
985,14035,Andy Mineo
986,209067,S. Carey
988,371091,Flangers
989,20783,The Allman Brothers Band
990,12709,Sam Sparro
991,360323,Far From Finished
992,347479,Abstract Spirit
993,1117556,Majesty (Band)
994,46245,Hood
995,196907,Liberty X
996,193306,Emery
997,936,Kardinal Offishall
998,1416445,Miss Raelene
1000,350135,Ana Kefr
1001,202359,Daniel Striped Tiger
1002,2588,Jon Connor
1004,327742,Derrol Adams
1005,211596,Christian Walz
1006,197023,Julee Cruise
1008,96967,Lil Jack
1009,6123,T-Rock
1010,348809,Paralysed Age
1011,344928,The Walkabouts
1012,342892,Piers Faccini
1013,343611,Captain Everything!
1014,66715,Sports Genius
1016,358379,Stephan Eicher
1017,343760,Filligar
1018,349567,Bitch Alert
1019,349554,David Bridie
1020,352990,J.J. Cale & Eric Clapton
1021,49644,Volbeat
1022,11706,Pepper
1023,35519,They Might Be Giants
1024,2121,Heavy D
1025,267,Q-Tip
1026,202,Big Daddy Kane
1027,847,Kool G Rap
1028,3486,Grand Puba
1029,1125,Pete Rock & C.L. Smooth
1030,32784,Ella Fitzgerald
1031,364183,Draconic
1032,355388,Proto-kaw
1034,348550,Donny & Marie Osmond
1035,348386,Sarah Bettens
1037,355384,Soulscar
1038,13168,Citizen
1039,132788,Ian Anderson
1040,11671,MC Frontalot
1041,350539,Alistair Griffin
1042,349179,All Out War
1043,156894,Ben Lee
1044,64801,Mandy Moore
1045,362005,Comet Gain
1047,353884,Mike Garrigan
1048,342533,Quadrivium
1049,20149,Bracket
1050,9239,Ozomatli
1051,158503,Busted
1052,351061,Phats & Small
1053,344006,Johnny Q Public
1054,347576,Luna Ad Noctum
1055,39793,​clipping.
1056,16518,Open Mike Eagle
1057,161398,Signor Benedick the Moor
1058,14273,Nocando
1060,327545,Barcode
1061,24533,​my bloody valentine
1063,139792,Funeral for a Friend
1064,351318,Baby Woodrose
1066,324815,Mark Chesnutt
1067,254295,Madina Lake
1068,349785,Alcazar
1070,355585,Warner Mack
1071,348461,Anarchus
1072,354473,Stan Freberg
1073,1025088,Daws Butler
1074,140933,Nile
1075,360217,McAuley-Schenker Group
1076,26169,Disciple
1077,349064,Monty Alexander
1078,2274,Remy Ma
1079,9724,Eek-A-Mouse
1080,359515,Jacob’s Dream
1081,186564,Tyrone Wells
1082,59462,John Lee Hooker
1083,39169,Edwin McCain
1086,372326,Sara Haze
1087,23917,Kevin Devine
1088,91051,The Left Rights
1089,362478,Midnight Star
1092,214013,The Stranglers
1093,202456,Mikey McCleary
1094,336594,Shalmali Kholgade
1095,235275,A-Villa
1097,2313,Guilty Simpson
1099,323869,Ava Villagomez
1100,349306,Therefore I Am
1101,277640,Infinite Sidd
1103,7760,Heart
1104,361565,The Rising
1105,44080,Migos
1106,234513,Hoodrich Pablo Juan
1107,20194,Jose Guapo
1108,47103,Peewee Longway
1109,354399,Shannon Noll
1111,72989,M. Ward
1112,360279,Ijahman Levi
1113,20877,Da’ T.R.U.T.H.
1114,60437,Fifth Harmony
1116,356798,Oppenheimer
1117,348374,The American Life
1118,360889,Dark Lunacy
1119,1029860,Villains (2)
1120,351875,Persephone’s Bees
1121,711,Misfits
1122,13060,Charles Aznavour
1123,344960,Mortician
1124,371553,Die Monster Die
1125,52578,Archers of Loaf
1126,355061,Felix Marc
1127,352474,Romanovsky And Phillips
1129,1805045,Kyla (PHL)
1130,2444,Pimp C
1131,361001,Avey Tare & Kría Brekkan
1132,29986,Ten (UK)
1133,228646,The Wailin’ Jennys
1134,182621,Mystery Skulls
1135,348885,Akercocke
1136,12131,Alkappa
1137,41918,Marlon Diddy
1138,261272,Accept
1139,367697,Harpo
1140,349553,Amanda Wilkinson
1141,356038,Crionics
1143,349448,Benoît Pioulard
1144,28632,Hank Williams
1145,359920,Oxiplegatz
1146,334663,Robert Earl Keen
1147,682,Faith Evans
1148,1177,Taylor Swift
1149,349869,Ambitions
1150,349172,Harry James
1151,126478,Chad and Jeremy
1152,362472,Omega Lithium
1153,362802,The Belle Brigade
1154,347453,Ace Troubleshooter
1157,990585,Bill Hutton
1158,152661,Lifter Puller
1159,166056,Little Simz
1160,262637,Buffy Sainte-Marie
1161,214460,M-Beat
1162,6234,Jamiroquai
1163,111560,BeatKing
1164,24503,Fat Pimp
1165,347509,Act Of God
1166,2484340,Stretch Arm Strong (Band)
1167,354585,Eartha Kitt
1168,44464,Seinfeld
1169,235216,The Lucksmiths
1170,348977,The Agonist
1171,348878,Amen Corner
1172,224761,Azari & III
1174,42546,WILDLIFE!
1175,58513,YGTUT
1176,361122,The Dylans
1178,34886,10cc
1179,355757,Ozma
1181,349569,Life Sex & Death
1183,1664,The Temptations
1184,335948,Amy Grant
1186,337628,Natalie Grant
1187,350013,Saint Alvia
1188,344360,The Cats
1189,284764,Communist Daughter
1190,4168,8Ball
1191,748,Goodie Mob
1192,348191,Rupesh Cartel
1193,8658,Jackson Browne
1194,26429,David Choi
1195,353224,White Kaps
1197,13587,Ron Pope
1198,309106,Sgrindle
1199,54039,Anonymuz
1200,170598,Jonatha Brooke
1201,231138,Matthew Good Band
1202,8437,New Kids On the Block
1203,83348,Gloria Estefan
1204,158283,Buried In Verona
1208,344900,All About Eve
1209,361364,Seven Witches
1211,373642,Captain Chaos
1212,15181,Nameless
1213,75,Styles P
1215,180811,Jack Savoretti
1216,370475,Presto Ballet
1217,355430,Thou
1219,372171,​The Mission
1220,220274,Wicca Phase Springs Eternal
1221,34861,Rocket Science
1222,255581,Colt Chronic
1223,310322,Diana Krall
1224,360983,The Last Broadcast
1225,374209,The Twenty Twos
1228,61250,Speed on the Beat
1229,324304,Iyanya
1231,230724,"Supreme Judicial Court of Massachusetts, Suffolk"
1232,63717,Bell X1
1233,224118,Wumen Huikai
1234,38283,New Model Army
1235,9971,Shawn Desman
1236,64645,"Ja, Panik"
1237,396,Wale
1238,343967,Southside Johnny & The Asbury Jukes
1240,350225,Blue Highway
1241,360613,Psyche
1242,1194,Soulja Boy
1243,35816,Pete Seeger
1245,352027,Ghost Bees
1246,1159064,Vixen (Rock)
1247,65711,Azaïa
1248,1035526,John Robinson
1249,205004,Snapcase
1250,2057,Hoodie Allen
1251,23998,Everclear
1252,61627,Goldfinger
1253,236,​dead prez
1254,348944,Left Alone
1255,348573,Battle of Mice
1256,39650,Five for Fighting
1257,115216,Bonnie Raitt
1258,164461,Pig Destroyer
1259,67316,Beach Fossils
1260,327838,Thug Notes
1261,327901,Sparky Sweets PhD
1262,51684,Melanie
1263,359902,October Falls
1264,25916,Tears for Fears
1266,247000,Ronnie Milsap
1267,364511,Moonlight Agony
1268,8685,Beres Hammond
1269,432,Chris Webby
1270,204813,Throwing Muses
1271,277061,Leigh Nash
1272,64922,Hootie & the Blowfish
1273,361867,Jasmine Trias
1274,19901,Genesis
1275,338193,The Be Good Tanyas
1276,27983,Rap Genius
1277,2236,Kirko Bangz
1278,330175,Chemlab
1279,2675,Ashanti
1281,349225,Die Apokalyptischen Reiter
1282,34000,The Microphones
1283,100916,Bob Geldof
1284,348862,Agatus
1285,357692,Eleanor McEvoy
1286,349031,Angels & Agony
1287,344584,The Wedding
1288,343711,Beady Belle
1289,361535,Nocturnal Rites
1290,131808,NEEDTOBREATHE
1291,349063,Perry And The Poor Boys
1292,359835,Lindisfarne
1293,30419,Rancid
1294,49866,Phillip Phillips
1295,349560,Autumn (Band)
1296,36519,SR-71 (Rock)
1297,1051,Mario Winans
1298,350380,Tina Arena
1299,361525,Hardcore Superstar
1301,150864,Pessimist
1302,342160,Arno
1305,345433,Delbert McClinton
1307,325495,Gregorian
1308,305164,"Harry Connick, Jr."
1309,344887,Incognito
1310,369943,John-Christian Urich
1311,48101,Laura Branigan
1312,353639,June Tabor
1313,271741,Florrie
1314,344573,Eugene Kelly
1315,51926,Tindersticks
1316,92237,Blood on the Dance Floor
1317,347442,Abused Majesty
1318,309211,Johnny Mathis
1319,287490,FrankJavCee
1320,357978,Lividity
1321,352601,Ayiesha Woods
1322,1940406,Jeremiah Jae & Oliver the 2nd
1324,360522,After Feed-Back
1325,350582,Cops And Robbers
1326,4018,Bran Van 3000
1327,11185,The Neville Brothers
1328,356916,Morgana Lefay
1329,8366,CeCe Winans
1331,350561,Johnny Clegg and Savuka
1332,65926,Amorphis
1333,353169,Statemachine
1334,351099,Anita Cochran
1335,32622,Nat “King” Cole
1336,354263,Imperiet
1337,367124,John P. Kee
1339,352623,Doug Anthony Allstars
1340,352184,Animal Alpha
1341,35894,REO Speedwagon
1343,356942,Eidolon
1344,343736,Beverley Knight
1345,354921,The Karelia
1346,349081,Faith Assembly
1347,369095,The CNK
1348,136692,Joe Jackson
1349,332382,Balkan Beat Box - בלקן ביט בוקס
1350,331336,The Pop Group
1351,371470,Ryan Malcolm
1352,53538,Jarell Perry
1353,347457,Adam Brand
1354,35498,The Art of Noise
1355,368300,Dehumanized
1356,213754,Athena
1357,49970,Streetlight Manifesto
1358,365265,Represent!
1359,347486,3rd Root
1360,350591,Death Angel
1361,27606,Young Chop
1362,16808,Chief Keef
1363,6596,Slayer
1364,284996,Viza
1365,373917,The Hive Dwellers
1366,30461,Girls
1367,350604,Pride & Glory
1369,77660,A.W.
1375,343595,Erin McKeown
1376,343535,JJ Heller
1378,358356,Conception
1380,365487,Until the End
1381,362855,Panic Lift
1382,344545,Gregg Allman
1383,22760,Keith Urban
1384,32085,Eric Church
1387,357140,E-Type
1388,983588,Nana Hedin
1389,64447,Sleater-Kinney
1391,229934,Denai Moore
1392,10292,Vell
1393,25005,Ty Dolla $ign
1394,347776,Noise Addict
1395,367378,Kinnie Starr
1396,350876,Arthur Brown’s Kingdom Come
1397,65109,Rich The Kid
1398,12504,Rockie Fresh
1399,638,Stalley
1400,239979,Michelle Chamuel
1402,354101,Duraluxe
1404,35857,Montana of 300
1405,356929,Spirogyra
1407,362849,Patterns
1408,42627,King Missile
1409,344540,Carter’s Chord
1410,348637,David Wilcox (CA)
1411,354871,Pure Prairie League
1412,348437,Bob Sinclar
1413,353418,Wet Wet Wet
1414,369895,Rehasher
1415,30975,William Faulkner
1416,232418,All Them Witches
1417,28889,Laibach
1418,355479,Linea 77
1419,54594,Epica
1420,349250,Angie Aparo
1421,213444,$UICIDEBOY$
1422,226792,TrippyThaKid
1425,224953,Lady Augusta Gregory
1427,8243,R.E.M.
1429,30607,Ween
1431,349979,Erick Baker
1433,349722,Aleesha Rome
1434,368877,A Whisper in the Noise
1436,349577,Audience
1437,54852,Aly & AJ
1438,350022,The Amsterdams
1439,362366,58
1440,2503959,Mesh (UK)
1441,657775,Neil Taylor
1442,1020523,Richard Silverthorn
1443,1020522,Mark Hockings
1444,8431,Guy
1445,327943,The Blue Aeroplanes
1446,364797,Bloodrock
1447,66596,Snuff
1448,360377,Chiasm
1450,73414,I.N.X
1451,34709,Bow Wow Wow
1452,349564,Aftershock
1453,360179,Disbelief
1454,143749,Flipper
1455,354297,Malcolm Middleton
1456,42081,Surfer Blood
1457,52599,John Calvin
1458,1204329,Solstice (USA)
1459,351902,Slowmotion Apocalypse
1461,23594,Indigo Girls
1462,223361,Kaki-No Moto No Hitomaro
1463,223350,William N. Porter
1464,347590,Abra Moore
1467,32649,David Essex
1468,149138,Anne Murray
1471,347600,Abney Park
1472,182584,August Burns Red
1473,137170,​the bird and the bee
1474,68102,Waylon Jennings
1475,332507,Fresh Body Shop
1477,347581,ActionReaction
1479,272972,Louis Jordan
1480,4748,Nivea
1481,356236,Fleshcrawl
1483,16826,Say Anything
1485,348431,Better Luck Next Time
1487,1692,Kool Keith
1488,112858,Superchick
1489,364617,Half Past Forever
1490,65359,Building 429
1491,23881,The Head And The Heart
1493,360237,Carmen Rasmusen
1494,351864,Bachman & Turner
1495,350368,I Am Giant
1496,356742,The Donnas
1497,351689,Blank & Jones
1498,2957,Fatboy Slim
1499,285845,Brother Cane
1500,75518,Gang of Four
1501,228897,Alexi Murdoch
1502,349198,The Birthday Party
1503,124730,Journalist 103
1504,730,Fashawn
1505,583,Saigon
1506,59219,Irene Cara
1508,69489,Joy Electric
1509,50824,Nick Drake
1510,1798651,Gabrielle Drake
1511,359000,Mondo Generator
1512,348935,Al Atkins
1515,357566,Provision
1516,362869,Anorexia Nervosa
1519,362759,Earthlings?
1521,355827,J Church
1522,61066,Hugh Bloww
1523,27938,Sonny Digital
1524,9688,QUE.
1525,307687,Future Bible Heroes
1526,343536,Crawling Chaos
1527,356138,The Infamous Stringdusters
1528,152321,I Set My Friends On Fire
1529,15380,Paperboys
1531,351892,Forever It Shall Be
1532,3289145,The Almighty (metal band)
1535,6522,Spit Syndicate
1536,133892,Cisco Taraves
1537,7023,Solo
1540,350436,Look Back And Laugh
1541,4050,Immortal
1542,360917,Riddlin’ Kids
1543,368801,Legacy Five
1544,371024,Krister Linder
1545,374608,Big City Dreams
1548,351604,Baby Dayliner
1549,8417,James Brown
1550,337057,Chuck Prophet
1552,49926,Hall & Oates
1553,350856,Tre Allegri Ragazzi Morti
1554,363378,Camber
1555,1641,Hurricane Chris
1556,332250,David Allan Coe
1557,315288,Ardijah
1558,350735,Bob & Doug McKenzie
1559,363163,Geddy Lee
1560,349275,Amy Dalley
1561,344976,Geva Alon - גבע אלון
1562,352274,Bad Bones
1563,363665,Sonia Dada
1564,365536,Insect Warfare
1565,132054,A Touch of Class
1566,43843,Patsy Cline
1567,134635,Savoy Brown
1568,37327,Susanne Sundfør
1569,333917,Billie the Vision and the Dancers
1570,368433,Benjy Davis Project
1571,347680,Abomination
1573,344646,Necromantia
1574,105726,Katrina and the Waves
1575,348540,Casey Jones
1576,23836,Theory of a Deadman
1577,348581,Houston Calls
1578,347757,Accursed Dawn
1579,179437,Mississippi Fred McDowell
1580,104451,Janis Ian
1581,359695,Lewis Taylor
1582,362872,TW Walsh
1583,8357,Alice Cooper
1584,45,Eminem
1585,123,Dr. Dre
1587,344744,The Evan Anthem
1589,352793,Anne Sofie von Otter
1590,24847,Further Seems Forever
1591,349394,Broken Hearts Are Blue
1593,8345,(hed) p.e.
1595,353741,Fenrik Lane
1596,286994,Blue County
1598,362179,Morda
1599,264359,The Cheetah Girls
1600,70655,Esben And The Witch
1601,349732,Albert Lee
1602,335719,Sawyer Brown
1604,23959,Key Nyata
1606,233449,Ernest Vincent Wright
1609,348411,Callalily
1613,371967,Dreadnaut
1614,368097,Rob Gardner
1615,65343,MDC
1616,354945,Dear Reader
1617,356761,Bury Your Dead
1619,67702,Jane Siberry
1620,358410,Diabolical Masquerade
1622,351627,David Arkenstone
1624,188344,The Get Up Kids
1626,11979,Gilbere Forte
1627,35398,Sophie Ellis-Bextor
1628,361842,Shawn Mullins
1629,335977,Shelby Lynne
1630,68097,Billy Squier
1631,358088,Superbutt
1632,7709,RAYE
1633,44648,Last Resort
1634,33767,Kat Dahlia
1635,350714,And Then There Was You
1636,33831,Ambulance LTD
1637,350457,And Oceans
1638,65490,Jerry Lee Lewis
1639,190503,The Word Alive
1640,1107,B.B. King
1641,34723,Taking Back Sunday
1642,123113,Del Amitri
1643,349321,The Ames Brothers
1644,349312,Amberlife
1646,2098104,Presence (USA)
1647,1896,Marques Houston
1648,988,Shawnna
1650,6094,Guerilla Maab
1651,344494,BZN
1652,26729,ECID
1653,60327,Mindy Smith
1657,3905,Bone Crusher
1658,349282,Carrie Newcomer
1659,15736,Frenchie
1660,21804,C-Block
1661,41274,Breathe (U.K)
1662,344650,Sweetbox
1663,144,Kelis
1665,39868,Bonnie Tyler
1667,538,Chrisette Michele
1668,356109,Gowan
1669,238496,ContraBAND
1672,364060,Ruslana
1673,357867,Matt Costa
1675,356135,Rose Maddox
1676,358608,Maxeen
1677,354081,Tri Yann
1678,356507,Moi Dix Mois
1679,56131,Tonio
1680,2055,Alkaline Trio
1682,39965,Randy Travis
1683,73576,Joan of Arc
1684,60084,Merriam-Webster
1686,327407,Blackfield
1687,3107,Twiztid
1688,291917,Poison the Well
1689,39690,Fresh Moss
1690,289513,Leo Sayer
1691,343512,Chimaira
1693,363396,Freddie And The Dreamers
1694,17816,Mike Mictlan
1695,4440,Ceschi
1696,289565,The Fine Print
1697,354025,Twothirtyeight
1698,354270,The Derek Trucks Band
1699,360515,Michelle Malone
1700,2172,Sally Anthony
1701,223098,Aura Dione
1702,20765,Rock Mafia
1703,360651,Johnny Clarke
1704,20096,Listener
1705,353271,GBH
1706,356653,Elend
1707,81842,Lazlo Bane
1708,357699,Perfume
1709,349373,Caspar Babypants
1712,54097,Starship
1713,353860,Monkey Business
1714,349464,Aloha
1715,71491,Johnny Marr
1716,350383,Altar Boys
1718,353590,Junior Boys
1719,344870,Jesus Jones
1720,39163,Mott The Hoople
1721,18892,NOFX
1722,369385,Endstand
1723,50790,Cascada
1724,229564,Tennessee Titans
1725,54432,NFL
1726,349052,Anders Manga
1727,36530,The Damned
1728,348859,Ainigma
1729,332500,Tom T. Hall
1730,372987,Juliana Hatfield Three
1731,24366,The Chicks
1732,349339,U.S. Bombs
1733,41863,Cannibal Corpse
1734,16775,Sia
1736,324872,Addict (Rock)
1738,329634,Reigning Sound
1739,55414,Fake
1740,344669,Splinter
1741,368932,Kim Hill
1742,367403,Jim Gilstrap
1743,373936,Luther Barnes
1744,63636,FKA twigs
1745,74189,Kenny Wayne Shepherd
1746,135003,FA Cup
1747,35512,Tadoe
1748,31512,The Carter Family
1749,350528,Amaran
1750,364978,Gandalf’s Fist
1751,57424,Saving Abel
1752,8649,Hi-Five
1753,76789,Matt Redman
1754,357144,Another Sunny Day
1755,74741,The Black Dahlia Murder
1756,143796,Civil Twilight
1757,42458,Paul Anka
1758,2059546,Pandora (SWE)
1759,20799,Chubby Checker
1760,371052,Dee Dee Sharp
1761,343597,Glenn Kaiser
1762,3862,Blaq Poet
1763,76550,Something Corporate
1765,221650,Converge
1766,349305,Pink Turns Blue
1767,177184,The Almost
1768,115701,The Album Leaf
1769,216638,Dennis DeYoung
1770,234156,Michael Schulte
1772,17913,Karina Pasian
1773,1790280,Ryan Adams & The Cardinals
1775,1338127,Cursed (Band)
1777,37300,Better Than Ezra
1778,10793,The Cross Movement
1779,9321,Phanatik
1780,353531,Divinefire
1781,69777,Beckah Shae
1783,354021,Over It
1784,362619,Appease
1785,360858,Patricia Vonne
1786,57561,Chiodos
1787,221245,Wankelmut & Emma Louise
1788,344661,Living Sacrifice
1789,40135,Country Joe and the Fish
1790,373072,Tasmin Archer
1791,351149,AnnaGrace
1793,357799,DeeExpus
1794,355319,Pestilence
1795,364647,Lead Into Gold
1796,141666,The Four Tops
1797,355093,Hefner
1798,348694,Dark Avenger
1799,348670,Bloodthrone
1801,365009,The Burns Sisters
1802,317426,Anastacia
1803,105264,As Tall As Lions
1804,74862,Jimmie Rodgers
1805,365136,Waco Jesus
1806,59770,Steve Grand
1807,2421717,Abhorrent (BR)
1809,71175,Devendra Banhart
1810,348393,Mostly Autumn
1811,348534,Circle II Circle
1812,350560,Bettye LaVette
1813,348244,Peter and the Test Tube Babies
1816,21273,Iggy Pop
1817,347504,Across Tundras
1818,344021,The Alarm
1819,150897,Millencolin
1820,343684,Alternative Allstars
1821,44040,Happy Mondays
1822,261199,Tom Rush
1823,326110,Tona
1824,350137,Herb Alpert & The Tijuana Brass
1825,335979,Caesars
1826,355228,Novembre
1827,5448,Mic Geronimo
1828,180370,Clo
1829,2992,O.C.
1830,3613,Royal Flush
1831,1306689,Alpha
1835,1311,Teenage Fanclub
1836,349210,Roger Miret And The Disasters
1837,349503,Apoptygma Berzerk
1838,359679,The Broadways
1839,347492,Addison Road
1840,354755,Discipline
1841,3386,Paula DeAnda
1842,153265,Adamantium
1844,353526,Holy Moses
1845,361363,PlayRadioPlay!
1846,350702,And Then There Were None
1847,27995,Bad Religion
1848,23660,Charlie (Band)
1849,361025,Naked Raygun
1850,271131,Mind Vortex
1851,349190,All Together Separate
1853,43761,Laurie Anderson
1854,359086,DAAN
1855,78433,Filter
1856,9795,Tommy Tee
1857,645,Chingy
1858,1457013,Diaz (NOR)
1859,26002,Vinni
1860,350584,Howard Shore
1861,352189,Ben Del Maestro
1862,7418,Xscape
1863,353825,Pickwick
1864,1529,Missy Elliott
1865,372472,Glenn Miller and His Orchestra
1866,353657,Gov’t Mule
1867,350767,Joey + Rory
1868,367907,Bitter Ruin
1869,359199,One Man Army
1870,347632,Abortus
1871,353862,Soilent Green
1872,310288,Decyfer Down
1873,371020,Bligg
1874,24664,Two Thirds Tan
1875,150433,Spiz
1879,355799,The Creatures
1880,251753,My Tiger My Timing
1881,60936,Soko (FRA)
1882,1408,Maino
1884,352089,Daphne And Celeste
1885,1581,Linkin Park
1886,14797,The Palmer Squares
1887,23976,ProbCause
1889,220051,Bahamas
1890,348833,The Blind Boys Of Alabama
1892,33354,Adam and the Ants
1893,353773,Circle of Dead Children
1894,354878,Wedding Party
1895,358363,Finley
1897,40274,Gladys Knight & The Pips
1899,32774,Euroz
1900,1845567,Cormorant (Metal)
1901,104898,Crown The Empire
1902,60895,Lemuria
1903,344757,Naglfar
1904,310356,The String Cheese Incident
1905,360174,Caleb Carruth
1906,66496,Milo Greene
1907,361521,Des’ree
1908,362374,"Goodnight, Sunrise"
1909,1731,Jill Scott
1910,349800,Amy Diamond
1911,348519,Don Caballero
1912,348914,Altar
1914,351440,Jessie Baylin
1915,353308,Stevie Ann
1916,363328,Shirley Temple
1917,207382,American Hi-Fi
1918,350566,Worlds Apart
1919,344460,Human Drama
1920,26349,Louis Armstrong
1921,365772,INHEAVEN
1922,364520,Noctura
1923,344881,Anna Maria Jopek
1926,86378,"Emerson, Lake & Palmer"
1928,356317,Rob Dickinson
1929,22718,Vince Gill
1931,84597,Lisa Miskovsky
1932,57967,Brian Wilson
1934,20775,Kaskade
1935,334498,Haley
1936,740,Sean Paul
1937,50113,Brooks & Dunn
1938,360966,Mannheim Steamroller
